candidate_id,latent_row,window_id,chrom,start,end,center,length_bp,segments,sample_id,condition,replicate,known_overlap,known_structure_ids,known_types,valid_pixel_fraction,intensity_score,reconstruction_error,candidate_threshold,is_candidate,score_rank,is_known_reference,is_background_reference,known_reference_ids,known_reference_types,PC1,PC2,PC3,PC4,PC5,PC6,PC7,PC8,PC9,PC10,cluster,independent_locus_id,nearest_known_window_id,nearest_known_ids,nearest_known_types,nearest_known_pca_distance,rep2_window_id,replicate_correlation,reproducibility_status
candidate_001,117,WT_rep1__scan_0117000,NC_000913.3,105000,129000,117000,24000,"[{""start"":105000,""end"":129000}]",WT_rep1,WT,1,True,OPCID_3;OPCID_4,OPCID,1.0,0.094828257010795,0.050907724,0.0463359728455543,True,30,False,False,,,-1.763302679368986,0.02675303312625839,4.098312889573572,-0.46953349350551593,-1.2116302199702076,2.5522892072048964,1.2544164396794977,-1.6435647256991366,0.37362866642666837,-1.110490606605543,-1,NC_000913.3:locus_0001,WT_rep1__scan_3875000,CHIN_218,CHIN,4.561211333251082,,,pending_P09
candidate_002,118,WT_rep1__scan_0118000,NC_000913.3,106000,130000,118000,24000,"[{""start"":106000,""end"":130000}]",WT_rep1,WT,1,True,OPCID_3;OPCID_4,OPCID,1.0,0.094992997563987,0.050282385,0.0463359728455543,True,31,False,False,,,-2.026393397260944,-0.4662745984591254,2.9416383858591466,0.5653325024328267,-1.7599777885758996,3.472708924359735,1.8807649996415317,-0.26570775334232016,0.2619184146920105,-1.9952864634011906,-1,NC_000913.3:locus_0001,WT_rep1__scan_3875000,CHIN_218,CHIN,4.642660771692503,,,pending_P09
candidate_003,1296,WT_rep1__scan_1296000,NC_000913.3,1284000,1308000,1296000,24000,"[{""start"":1284000,""end"":1308000}]",WT_rep1,WT,1,True,OPCID_23,OPCID,0.9383544921875,0.1017632181158008,0.052814588,0.0463359728455543,True,21,False,False,,,-2.057418415733022,-2.5253548328380866,1.1223432656454586,0.7603165383230926,0.7105896563101798,-1.4113736732113802,0.4119564514495214,0.14979375940879733,0.11746441072282138,0.9568622525624672,0,NC_000913.3:locus_0002,WT_rep1__scan_3042000,OPCID_51,OPCID,2.455343411086872,,,pending_P09
candidate_004,1297,WT_rep1__scan_1297000,NC_000913.3,1285000,1309000,1297000,24000,"[{""start"":1285000,""end"":1309000}]",WT_rep1,WT,1,True,OPCID_23,OPCID,0.92340087890625,0.1030657422884263,0.047064863,0.0463359728455543,True,45,False,False,,,-2.3742694877875654,-2.263910971317565,0.2837232143900674,0.7271004439829162,0.19955935702847977,-1.905876733117292,-1.0686236538910536,1.5985722210144895,1.4215232511860907,-1.786529008074787,-1,NC_000913.3:locus_0002,WT_rep1__scan_3042000,OPCID_51,OPCID,3.201178855264212,,,pending_P09
candidate_005,1298,WT_rep1__scan_1298000,NC_000913.3,1286000,1310000,1298000,24000,"[{""start"":1286000,""end"":1310000}]",WT_rep1,WT,1,True,OPCID_23,OPCID,0.9383544921875,0.1037469232084983,0.057499994,0.0463359728455543,True,10,False,False,,,-2.501211282346543,-1.3654824246797976,-0.19630605643466795,-0.19432108494673278,-0.1230517029070094,-0.6214471809782495,-2.359135912603792,1.8306014340772143,2.0559636796160037,-2.2445265890137645,-1,NC_000913.3:locus_0002,WT_rep1__scan_0193000,OPCID_6,OPCID,3.782112391713876,,,pending_P09
candidate_006,1299,WT_rep1__scan_1299000,NC_000913.3,1287000,1311000,1299000,24000,"[{""start"":1287000,""end"":1311000}]",WT_rep1,WT,1,True,OPCID_23,OPCID,0.9383544921875,0.1050009387564914,0.059280723,0.0463359728455543,True,5,False,False,,,-2.5937467699683845,-0.3825219278384422,-0.226936221935052,-2.344008736151446,-1.3029861353384995,1.1055369630428378,-2.612411046519642,-0.5786022119610397,2.867846297184512,-0.35255466951024034,-1,NC_000913.3:locus_0002,WT_rep1__scan_3269000,CHIN_181,CHIN,4.431506338300767,,,pending_P09
candidate_007,2393,WT_rep1__scan_2393000,NC_000913.3,2381000,2405000,2393000,24000,"[{""start"":2381000,""end"":2405000}]",WT_rep1,WT,1,True,CHID_13;CHIN_137;CHIN_138;CHIN_139;OPCID_34;OPCID_35,CHID;CHIN;OPCID,1.0,0.1053999308932499,0.050082248,0.0463359728455543,True,32,False,False,,,-2.5651886394982397,-3.4991381939806794,-0.9213564649351967,0.8894033364234852,-0.24995011985777588,0.549212007558682,-2.379999252682856,-3.108295953367809,-2.2023387167531463,2.8699158508512714,-1,NC_000913.3:locus_0003,WT_rep1__scan_2391000,OPCID_34,OPCID,4.910075695693969,,,pending_P09
candidate_008,2394,WT_rep1__scan_2394000,NC_000913.3,2382000,2406000,2394000,24000,"[{""start"":2382000,""end"":2406000}]",WT_rep1,WT,1,True,CHID_13;CHIN_137;CHIN_138;CHIN_139;OPCID_34;OPCID_35,CHID;CHIN;OPCID,1.0,0.1102538203330245,0.054375283,0.0463359728455543,True,18,False,False,,,-2.9210431481898347,-3.399682993609638,-0.6287816514699098,-0.33593619500708854,1.0940806590485477,2.06690778166833,-1.8583531114557077,-2.604554004937889,-1.8337126799755006,1.9967661493056097,-1,NC_000913.3:locus_0003,WT_rep1__scan_2395000,OPCID_35,OPCID,3.96088791413894,,,pending_P09
candidate_009,2395,WT_rep1__scan_2395000,NC_000913.3,2383000,2407000,2395000,24000,"[{""start"":2383000,""end"":2407000}]",WT_rep1,WT,1,True,CHID_13;CHIN_137;CHIN_138;CHIN_139;OPCID_34;OPCID_35,CHID;CHIN;OPCID,1.0,0.1131781076064211,0.05377433,0.0463359728455543,True,20,True,False,OPCID_35,OPCID,-3.2389973500430034,-3.234477510596406,-0.4441995702345315,-2.077391556551871,1.831125958931811,2.708285157122813,-0.6217941550695875,-1.158036630879472,-1.1839698669613243,-0.7409794598319338,-1,NC_000913.3:locus_0003,WT_rep1__scan_2395000,OPCID_35,OPCID,0.0,,,pending_P09
candidate_010,2396,WT_rep1__scan_2396000,NC_000913.3,2384000,2408000,2396000,24000,"[{""start"":2384000,""end"":2408000}]",WT_rep1,WT,1,True,CHID_13;CHIN_137;CHIN_138;CHIN_139;OPCID_34;OPCID_35,CHID;CHIN;OPCID,1.0,0.1147481553795561,0.055919204,0.0463359728455543,True,12,False,False,,,-3.426215613612029,-2.592174545915132,-0.6263699767300852,-3.1141763418747517,1.5477040556251482,2.2048208081266862,0.04857841196107707,-0.16884540432192574,-0.2598378354208381,-2.618114321135223,-1,NC_000913.3:locus_0003,WT_rep1__scan_2395000,OPCID_35,OPCID,2.7739990647584865,,,pending_P09
candidate_011,2397,WT_rep1__scan_2397000,NC_000913.3,2385000,2409000,2397000,24000,"[{""start"":2385000,""end"":2409000}]",WT_rep1,WT,1,True,CHID_13;CHIN_137;CHIN_138;CHIN_139;OPCID_34;OPCID_35,CHID;CHIN;OPCID,1.0,0.1161229165276769,0.05751016,0.0463359728455543,True,9,False,False,,,-3.690849026369222,-1.6009948346890996,-0.4222843063159422,-3.3399275977178564,0.34891386691839854,-0.2956711258929914,-0.052166964587980126,0.12174636764541015,0.850936493398189,-2.3423485232383214,-1,NC_000913.3:locus_0003,WT_rep1__scan_2395000,OPCID_35,OPCID,4.935095297156953,,,pending_P09
candidate_012,2398,WT_rep1__scan_2398000,NC_000913.3,2386000,2410000,2398000,24000,"[{""start"":2386000,""end"":2410000}]",WT_rep1,WT,1,True,CHID_13;CHIN_138;CHIN_139;OPCID_34;OPCID_35,CHID;CHIN;OPCID,1.0,0.1174747917697878,0.054895766,0.0463359728455543,True,17,False,False,,,-3.917203869671817,-0.4131346134777469,-0.29777742122715495,-3.094647096430403,-1.283697607757361,-3.768160990394468,-1.2471541872520076,0.43008094755565324,1.5837655969761129,-1.986946066188761,-1,NC_000913.3:locus_0003,WT_rep1__scan_3049000,OPCID_52,OPCID,4.895331610455885,,,pending_P09
candidate_013,2404,WT_rep1__scan_2404000,NC_000913.3,2392000,2416000,2404000,24000,"[{""start"":2392000,""end"":2416000}]",WT_rep1,WT,1,True,OPCID_34;OPCID_35,OPCID,1.0,0.1170473363209578,0.048441883,0.0463359728455543,True,40,False,False,,,-3.9827157460747404,3.0385083979781147,0.743343288722311,1.0178677762014,2.326866569125129,0.4700904580300646,-0.7590199922436596,-1.5557510125413105,-3.6916105458626634,-2.7593472959959513,-1,NC_000913.3:locus_0003,WT_rep1__scan_0108000,OPCID_3,OPCID,5.606454178430714,,,pending_P09
candidate_014,2405,WT_rep1__scan_2405000,NC_000913.3,2393000,2417000,2405000,24000,"[{""start"":2393000,""end"":2417000}]",WT_rep1,WT,1,True,OPCID_35,OPCID,1.0,0.1142209288208242,0.049879484,0.0463359728455543,True,33,False,False,,,-3.4830535831304914,3.432526101963531,1.3903388560757006,0.36272181719899094,2.3336504412395995,1.56362365414159,-1.7284049517918723,-1.1577438775620705,-2.6580007173333913,-1.9966769052145823,-1,NC_000913.3:locus_0003,WT_rep1__scan_4261000,CHIN_227,CHIN,4.916762603180624,,,pending_P09
candidate_015,2732,WT_rep1__scan_2732000,NC_000913.3,2720000,2744000,2732000,24000,"[{""start"":2720000,""end"":2744000}]",WT_rep1,WT,1,False,,,0.7652587890625,0.0781718219056673,0.04658054,0.0463359728455543,True,47,False,False,,,-0.39663170471033254,0.37160908300578804,0.5768218918505941,1.1652892383029776,-3.2373257400452347,-0.9176492158976098,0.10658040284967739,0.3388810810918654,0.4442723552208983,-3.178251447172507,0,NC_000913.3:locus_0004,WT_rep1__scan_3191000,CHIN_175,CHIN,3.5555341675125876,,,pending_P09
candidate_016,3266,WT_rep1__scan_3266000,NC_000913.3,3254000,3278000,3266000,24000,"[{""start"":3254000,""end"":3278000}]",WT_rep1,WT,1,True,CHIN_179;CHIN_180;CHIN_181;OPCID_53,CHIN;OPCID,1.0,0.1030715280069581,0.04956826,0.0463359728455543,True,35,True,False,CHIN_180,CHIN,-2.0959611738836585,-1.952578799683395,0.35875102969791617,0.6428504956940104,1.833247438673891,0.9445010538516908,-0.7323271357108561,-0.5976193746535572,0.6354451494380942,0.6347075902723313,-1,NC_000913.3:locus_0005,WT_rep1__scan_3266000,CHIN_180,CHIN,0.0,,,pending_P09
candidate_017,3267,WT_rep1__scan_3267000,NC_000913.3,3255000,3279000,3267000,24000,"[{""start"":3255000,""end"":3279000}]",WT_rep1,WT,1,True,CHIN_179;CHIN_180;CHIN_181;OPCID_53,CHIN;OPCID,1.0,0.1052702758024151,0.051176853,0.0463359728455543,True,28,False,False,,,-2.2621483850013893,-1.997648679023131,0.40751603607424025,-0.3141566989540044,1.795597523634327,1.0730397431544623,-1.6640469700687188,0.9510651336076906,-0.05788061606382141,-0.8768609428471623,-1,NC_000913.3:locus_0005,WT_rep1__scan_3266000,CHIN_180,CHIN,2.6453535857533215,,,pending_P09
candidate_018,3268,WT_rep1__scan_3268000,NC_000913.3,3256000,3280000,3268000,24000,"[{""start"":3256000,""end"":3280000}]",WT_rep1,WT,1,True,CHIN_179;CHIN_180;CHIN_181;OPCID_53,CHIN;OPCID,1.0,0.1057492718275901,0.055280678,0.0463359728455543,True,16,False,False,,,-2.2251509364906137,-1.4873812939148137,0.5510615229851353,-1.7469277268026866,0.448382004234847,0.8774376946408173,-3.0979089151632424,2.1361041266814587,0.20746654675643283,-0.8654595750260878,-1,NC_000913.3:locus_0005,WT_rep1__scan_3269000,CHIN_181,CHIN,3.3771925377026277,,,pending_P09
candidate_019,3269,WT_rep1__scan_3269000,NC_000913.3,3257000,3281000,3269000,24000,"[{""start"":3257000,""end"":3281000}]",WT_rep1,WT,1,True,CHIN_179;CHIN_180;CHIN_181;OPCID_53,CHIN;OPCID,1.0,0.1056227374298763,0.050959863,0.0463359728455543,True,29,True,False,CHIN_181,CHIN,-2.4972607482267657,-0.7749221552744561,0.024663885844675913,-2.7288118768423715,-1.7655991609928747,-0.41142083474608726,-3.9895816650061104,1.7547867824974064,-0.06318274430333481,0.5508714417412871,-1,NC_000913.3:locus_0005,WT_rep1__scan_3269000,CHIN_181,CHIN,0.0,,,pending_P09
candidate_020,3318,WT_rep1__scan_3318000,NC_000913.3,3306000,3330000,3318000,24000,"[{""start"":3306000,""end"":3330000}]",WT_rep1,WT,1,True,CHIN_183;CHIN_184,CHIN,1.0,0.0918867580237054,0.048948824,0.0463359728455543,True,37,False,False,,,-1.8742053063352129,0.542391654224486,2.463064513015647,1.3584218485350232,-0.5217616861310532,-0.5059726640706118,0.3398016279585531,0.44293304863594074,0.6171862657588624,-3.184881924652299,-1,NC_000913.3:locus_0006,WT_rep1__scan_3875000,CHIN_218,CHIN,2.234461869247962,,,pending_P09
candidate_021,3319,WT_rep1__scan_3319000,NC_000913.3,3307000,3331000,3319000,24000,"[{""start"":3307000,""end"":3331000}]",WT_rep1,WT,1,True,CHIN_183;CHIN_184,CHIN,1.0,0.0914809590025,0.049359247,0.0463359728455543,True,36,False,False,,,-1.9729879704890274,0.8163305485170868,1.566122078863584,1.9468104870521334,-1.375429362505838,1.9553241334858413,-1.2984278615675429,1.4640883555954671,0.7005578939069124,-1.715093513141696,-1,NC_000913.3:locus_0006,WT_rep1__scan_4261000,CHIN_227,CHIN,3.4907517188035344,,,pending_P09
candidate_022,3433,WT_rep1__scan_3433000,NC_000913.3,3421000,3445000,3433000,24000,"[{""start"":3421000,""end"":3445000}]",WT_rep1,WT,1,True,OPCID_55,OPCID,0.73828125,0.1066470536297986,0.048530824,0.0463359728455543,True,38,False,False,,,-0.39438243225697045,-2.464959913181613,1.0763477182353547,1.251021959142696,1.7162631067407026,1.6392485285471285,-1.736589333740487,-1.2799387991148403,-0.09165220864488913,0.6019569838691201,0,NC_000913.3:locus_0007,WT_rep1__scan_3266000,CHIN_180,CHIN,2.557914594553893,,,pending_P09
candidate_023,3434,WT_rep1__scan_3434000,NC_000913.3,3422000,3446000,3434000,24000,"[{""start"":3422000,""end"":3446000}]",WT_rep1,WT,1,True,OPCID_55,OPCID,0.73834228515625,0.1127362541611777,0.055541795,0.0463359728455543,True,15,False,False,,,-0.5482793692829075,-2.596860664962628,1.3537929894435803,-0.49536508456266953,1.3473779754250248,1.9691391378696732,-2.464482045015773,-0.19882244622483045,0.67488813037881,0.43783869662832176,0,NC_000913.3:locus_0007,WT_rep1__scan_3633000,CHIN_189;CHIN_190,CHIN,2.8378836187558703,,,pending_P09
candidate_024,3435,WT_rep1__scan_3435000,NC_000913.3,3423000,3447000,3435000,24000,"[{""start"":3423000,""end"":3447000}]",WT_rep1,WT,1,True,OPCID_55,OPCID,0.76513671875,0.119185327350262,0.06246671,0.0463359728455543,True,4,False,False,,,-0.8221571642028933,-2.833249174266758,1.4491353783177188,-2.498794355244572,0.9199632810189716,1.6049270205984474,-1.80496096749073,0.741102343101111,-0.18544442322046154,-0.054481774398411356,0,NC_000913.3:locus_0007,WT_rep1__scan_3633000,CHIN_189;CHIN_190,CHIN,2.688437453108648,,,pending_P09
candidate_025,3436,WT_rep1__scan_3436000,NC_000913.3,3424000,3448000,3436000,24000,"[{""start"":3424000,""end"":3448000}]",WT_rep1,WT,1,True,OPCID_55,OPCID,0.75177001953125,0.1253894822691006,0.058858924,0.0463359728455543,True,6,False,False,,,-1.3714612198708993,-3.0895207131224276,1.4919460095087487,-3.7698989226240687,0.38851102898863554,0.7000127301253787,0.13259320306956138,0.9812741579695038,-1.3219709301362303,-0.6672264306329033,-1,NC_000913.3:locus_0007,WT_rep1__scan_2387000,CHIN_139,CHIN,3.038428224781982,,,pending_P09
candidate_026,3543,WT_rep1__scan_3543000,NC_000913.3,3531000,3555000,3543000,24000,"[{""start"":3531000,""end"":3555000}]",WT_rep1,WT,1,True,OPCID_56;OPCID_57,OPCID,1.0,0.1043115272420176,0.052766375,0.0463359728455543,True,22,False,False,,,-1.332299148558176,-0.8320488153596057,4.656656418516915,1.3008484406025285,-0.29346896185505383,-1.6006519826540673,0.1788156117311011,-1.805213491730055,0.8451043372560796,-1.800917057315937,-1,NC_000913.3:locus_0008,WT_rep1__scan_3875000,CHIN_218,CHIN,3.5414725455255884,,,pending_P09
candidate_027,3544,WT_rep1__scan_3544000,NC_000913.3,3532000,3556000,3544000,24000,"[{""start"":3532000,""end"":3556000}]",WT_rep1,WT,1,True,OPCID_56;OPCID_57,OPCID,1.0,0.1126305486443822,0.06377295,0.0463359728455543,True,3,False,False,,,-1.5909974080763565,-1.2688241880911526,4.029287740978141,1.6328287563137494,-0.6944815913326552,0.5659671701704581,-1.0952400149827963,-1.6387177498053336,1.091429840330908,-1.84410683685685,-1,NC_000913.3:locus_0008,WT_rep1__scan_3875000,CHIN_218,CHIN,4.061963051964748,,,pending_P09
candidate_028,3545,WT_rep1__scan_3545000,NC_000913.3,3533000,3557000,3545000,24000,"[{""start"":3533000,""end"":3557000}]",WT_rep1,WT,1,True,OPCID_56;OPCID_57,OPCID,1.0,0.1146884819873929,0.06460748,0.0463359728455543,True,2,False,False,,,-1.8774740055599202,-1.794705138903181,2.973305443887571,1.3181617502893819,-1.4428549424098909,2.7068564317568953,-1.1978931901645646,-1.1900070771904632,1.0600263934035363,-1.0914413490777786,-1,NC_000913.3:locus_0008,WT_rep1__scan_0193000,OPCID_6,OPCID,4.22560852544714,,,pending_P09
candidate_029,3546,WT_rep1__scan_3546000,NC_000913.3,3534000,3558000,3546000,24000,"[{""start"":3534000,""end"":3558000}]",WT_rep1,WT,1,True,OPCID_56;OPCID_57,OPCID,1.0,0.112001092016867,0.05568524,0.0463359728455543,True,14,False,False,,,-2.078595788841172,-2.154688243804449,1.3979154625085393,0.8564815330320813,-2.526059144221536,3.3866244721835375,-0.6902765147214586,-0.578381070778377,0.9921176270988677,-0.18432304633293836,-1,NC_000913.3:locus_0008,WT_rep1__scan_3321000,CHIN_183,CHIN,3.8298725890205327,,,pending_P09
candidate_030,3563,WT_rep1__scan_3563000,NC_000913.3,3551000,3575000,3563000,24000,"[{""start"":3551000,""end"":3575000}]",WT_rep1,WT,1,True,OPCID_56;OPCID_57,OPCID,1.0,0.0999598034612075,0.047389384,0.0463359728455543,True,44,False,False,,,-1.5973115090890035,3.212107323213369,2.9337434792041925,2.3863406382128507,-1.9470425205313615,-0.6008333363291721,-0.3954764900199943,0.0024761042787497137,-1.332319251901052,-1.7147543657309563,-1,NC_000913.3:locus_0008,WT_rep1__scan_2544000,OPCID_39,OPCID,3.96841458193046,,,pending_P09
candidate_031,3564,WT_rep1__scan_3564000,NC_000913.3,3552000,3576000,3564000,24000,"[{""start"":3552000,""end"":3576000}]",WT_rep1,WT,1,True,OPCID_56;OPCID_57,OPCID,1.0,0.0966832436561439,0.05201811,0.0463359728455543,True,24,False,False,,,-1.4196855879476005,2.7291987165554406,1.86377316697459,2.2384428206704707,-1.7384771133104966,2.4318507615168556,-0.985993046955584,1.0521135965894504,-1.8577474035182053,-1.2228627918872954,-1,NC_000913.3:locus_0008,WT_rep1__scan_4476000,CHIN_236,CHIN,2.9481886352042572,,,pending_P09
candidate_032,3565,WT_rep1__scan_3565000,NC_000913.3,3553000,3577000,3565000,24000,"[{""start"":3553000,""end"":3577000}]",WT_rep1,WT,1,True,OPCID_57,OPCID,1.0,0.0929449941386563,0.04803056,0.0463359728455543,True,43,False,False,,,-1.2883260760282296,2.1076232186798602,0.8177257898291695,1.7854765208998018,-1.578730114116811,4.861564371037895,-0.5604729893832051,1.9938296506912854,-1.7377008310983935,-0.17754271651857975,-1,NC_000913.3:locus_0008,WT_rep1__scan_4476000,CHIN_236,CHIN,3.6451433234336625,,,pending_P09
candidate_033,4171,WT_rep1__scan_4171000,NC_000913.3,4159000,4183000,4171000,24000,"[{""start"":4159000,""end"":4183000}]",WT_rep1,WT,1,False,,,0.64739990234375,0.0992428896556896,0.05193615,0.0463359728455543,True,26,False,False,,,-0.188839319691438,-1.098997109996337,2.9275852061753227,-0.5557403350076133,-1.108126974780154,-0.09441298277321922,1.6890409385516787,-2.3866135129920436,0.4849978923173641,-2.3391805743593252,-1,NC_000913.3:locus_0009,WT_rep1__scan_3875000,CHIN_218,CHIN,3.8482468822278126,,,pending_P09
candidate_034,4172,WT_rep1__scan_4172000,NC_000913.3,4160000,4184000,4172000,24000,"[{""start"":4160000,""end"":4184000}]",WT_rep1,WT,1,False,,,0.67254638671875,0.10114983899362,0.057920955,0.0463359728455543,True,7,False,False,,,-0.461863099333482,-1.1720347768351673,1.7892591736310606,0.7031381785689036,-2.5408455716797187,0.3751998024203838,-0.12684307154769206,-0.7382511325031879,-0.055739949282603306,-2.0460136236841593,0,NC_000913.3:locus_0009,WT_rep1__scan_3767000,CHIN_202,CHIN,3.5061041533835806,,,pending_P09
candidate_035,4173,WT_rep1__scan_4173000,NC_000913.3,4161000,4185000,4173000,24000,"[{""start"":4161000,""end"":4185000}]",WT_rep1,WT,1,False,,,0.67266845703125,0.1037027176413892,0.06669975,0.0463359728455543,True,1,False,False,,,-0.615301963627069,-1.1791231362358394,0.7546920326340808,2.1861860741644517,-2.573667133734795,0.5736813695896623,-0.9636364903451622,0.5447694391052971,-0.36118097843531066,-0.7559428478242428,0,NC_000913.3:locus_0009,WT_rep1__scan_1143000,OPCID_19,OPCID,2.686364101418514,,,pending_P09
candidate_036,4174,WT_rep1__scan_4174000,NC_000913.3,4162000,4186000,4174000,24000,"[{""start"":4162000,""end"":4186000}]",WT_rep1,WT,1,False,,,0.64739990234375,0.1048411470120239,0.05638894,0.0463359728455543,True,11,False,False,,,-0.6857263821190619,-1.4211971024527474,-0.20022495029207918,2.116261386767012,-2.2064197232210145,0.26001719871619866,-1.5339201610022337,1.012505039128678,-0.2322512537680542,-0.8085082420715208,0,NC_000913.3:locus_0009,WT_rep1__scan_1143000,OPCID_19,OPCID,2.4965914186756786,,,pending_P09
candidate_037,4175,WT_rep1__scan_4175000,NC_000913.3,4163000,4187000,4175000,24000,"[{""start"":4163000,""end"":4187000}]",WT_rep1,WT,1,False,,,0.67254638671875,0.1066163456935335,0.05197196,0.0463359728455543,True,25,False,False,,,-1.0110086808697922,-1.8259435110245177,-1.4271487432026457,1.5919376151637656,-1.8468967881056608,1.2602713594600194,-1.732259252823684,0.26949135850040684,-1.1099888718834452,-0.6598564426105811,0,NC_000913.3:locus_0009,WT_rep1__scan_1143000,OPCID_19,OPCID,3.1410673920170336,,,pending_P09
candidate_038,4176,WT_rep1__scan_4176000,NC_000913.3,4164000,4188000,4176000,24000,"[{""start"":4164000,""end"":4188000}]",WT_rep1,WT,1,False,,,0.67266845703125,0.10990186783632,0.05219918,0.0463359728455543,True,23,False,False,,,-1.0215955921444233,-2.0833044360867383,-1.4099831081508392,0.26937795423238287,-0.9480755547323321,1.2844423797557112,-2.5167072663216867,-0.6231074644191722,-0.5002659539153743,-0.20010556145796496,-1,NC_000913.3:locus_0009,WT_rep1__scan_1143000,OPCID_19,OPCID,3.3463267793910165,,,pending_P09
candidate_039,4179,WT_rep1__scan_4179000,NC_000913.3,4167000,4191000,4179000,24000,"[{""start"":4167000,""end"":4191000}]",WT_rep1,WT,1,False,,,0.711669921875,0.1123845714916695,0.04844215,0.0463359728455543,True,39,False,False,,,-1.7862001478912424,-2.1766518810565074,-1.2673142454536157,-1.100107891872109,1.2497310500342853,1.0643975772570502,2.58831688631832,0.36724221423324305,-3.881485991069911,-0.9196313677353068,-1,NC_000913.3:locus_0009,WT_rep1__scan_2104000,CHIN_114;CHIN_115,CHIN,4.512756750748444,,,pending_P09
candidate_040,4180,WT_rep1__scan_4180000,NC_000913.3,4168000,4192000,4180000,24000,"[{""start"":4168000,""end"":4192000}]",WT_rep1,WT,1,False,,,0.751953125,0.1062034035199074,0.049793452,0.0463359728455543,True,34,False,False,,,-1.731158549628434,-1.6394310013755682,-1.1460678360756942,0.3289183027683689,0.9400252706081318,-0.9156748556736374,1.43862760416952,0.6475455149734948,-1.9074649502027519,-1.911793507501485,-1,NC_000913.3:locus_0009,WT_rep1__scan_2261000,OPCID_33,OPCID,3.161693094752754,,,pending_P09
candidate_041,4181,WT_rep1__scan_4181000,NC_000913.3,4169000,4193000,4181000,24000,"[{""start"":4169000,""end"":4193000}]",WT_rep1,WT,1,False,,,0.79296875,0.1060517322835757,0.05779522,0.0463359728455543,True,8,False,False,,,-1.7196143645090305,-0.37694190204530914,-0.7572358125115687,-0.3842715640519581,0.8273206963736344,-2.1710452451944238,-1.117805182719022,-0.1386154951342122,1.5336003375289449,-1.9037722317993049,-1,NC_000913.3:locus_0009,WT_rep1__scan_3049000,OPCID_52,OPCID,3.2662249533430097,,,pending_P09
candidate_042,4182,WT_rep1__scan_4182000,NC_000913.3,4170000,4194000,4182000,24000,"[{""start"":4170000,""end"":4194000}]",WT_rep1,WT,1,False,,,0.86419677734375,0.1000014594833121,0.048119772,0.0463359728455543,True,41,False,False,,,-1.622550071975717,0.8496636932422318,-0.7794579800055759,-0.9993040600825144,-0.08228505861148219,-2.634140438095732,-2.433980676376251,-1.5413436563482998,3.5873345791148634,-0.7714076772004044,-1,NC_000913.3:locus_0009,WT_rep1__scan_2108000,CHIN_120,CHIN,3.827997227330126,,,pending_P09
candidate_043,4240,WT_rep1__scan_4240000,NC_000913.3,4228000,4252000,4240000,24000,"[{""start"":4228000,""end"":4252000}]",WT_rep1,WT,1,True,CHIN_226,CHIN,1.0,0.120706809222415,0.04699212,0.0463359728455543,True,46,False,False,,,-1.2930276502974767,-3.24056688991504,1.5376383131887024,-0.06772231031971997,-2.8118832550661326,-1.0112014565476495,-0.941273949205886,0.2872104994423489,-1.6218662125017127,1.5275032544292688,-1,NC_000913.3:locus_0010,WT_rep1__scan_0085000,CHIN_2,CHIN,3.374969122789867,,,pending_P09
candidate_044,4241,WT_rep1__scan_4241000,NC_000913.3,4229000,4253000,4241000,24000,"[{""start"":4229000,""end"":4253000}]",WT_rep1,WT,1,True,CHIN_226;OPCID_65,CHIN;OPCID,1.0,0.1218170586400282,0.04809459,0.0463359728455543,True,42,False,False,,,-1.7035393901935116,-3.1938649916758264,0.12861852958123549,0.9419179449105468,-3.6075065523032372,-0.9553124263881106,-1.4213473628371103,-0.40764498995154436,-1.2381871893201524,1.4021611558697251,-1,NC_000913.3:locus_0010,WT_rep1__scan_3798000,CHIN_205;CHIN_206,CHIN,3.81384517987282,,,pending_P09
candidate_045,4248,WT_rep1__scan_4248000,NC_000913.3,4236000,4260000,4248000,24000,"[{""start"":4236000,""end"":4260000}]",WT_rep1,WT,1,True,CHIN_226;OPCID_65;CHIN_227,CHIN;OPCID,1.0,0.130394917523691,0.05418882,0.0463359728455543,True,19,False,False,,,-2.976209911128557,-0.3525623482994667,-2.3533139689823526,-0.9878105899502021,2.933575504608928,-0.2946287813455584,0.17964060010381097,-0.49319942816917406,-0.09027592479765587,-2.8918518063410232,-1,NC_000913.3:locus_0010,WT_rep1__scan_0126000,OPCID_4,OPCID,3.9453132900023973,,,pending_P09
candidate_046,4249,WT_rep1__scan_4249000,NC_000913.3,4237000,4261000,4249000,24000,"[{""start"":4237000,""end"":4261000}]",WT_rep1,WT,1,True,CHIN_226;OPCID_65;CHIN_227,CHIN;OPCID,1.0,0.1306967843165153,0.05589647,0.0463359728455543,True,13,False,False,,,-2.8960508121872133,0.5454109397294216,-0.9498785400062502,-1.4282578197314275,2.9148846051719763,-3.1506066131628967,-2.0829176967747043,-0.35280746746383773,0.1545033262459295,-1.1517236079889972,-1,NC_000913.3:locus_0010,WT_rep1__scan_3555000,OPCID_57,OPCID,3.7752379076038847,,,pending_P09
candidate_047,4250,WT_rep1__scan_4250000,NC_000913.3,4238000,4262000,4250000,24000,"[{""start"":4238000,""end"":4262000}]",WT_rep1,WT,1,True,CHIN_226;OPCID_65;CHIN_227,CHIN;OPCID,1.0,0.1312591908759381,0.051752605,0.0463359728455543,True,27,False,False,,,-2.9436272387848232,1.5714191550013161,0.17322647376896866,-1.950299184640504,2.633543243539551,-4.164774510231674,-3.2910739919100154,0.8354050337752185,-0.4691542287785387,0.6306572982772515,-1,NC_000913.3:locus_0010,WT_rep1__scan_4251000,CHIN_226,CHIN,3.835001929717764,,,pending_P09
