score_index,latent_row,window_id,structure_id,structure_type,center_distance_bp
55,55,WT_rep1__scan_0055000,OPCID_1,OPCID,200
91,91,WT_rep1__scan_0091000,OPCID_2,OPCID,455
108,108,WT_rep1__scan_0108000,OPCID_3,OPCID,440
126,126,WT_rep1__scan_0126000,OPCID_4,OPCID,320
183,183,WT_rep1__scan_0183000,OPCID_5,OPCID,415
193,193,WT_rep1__scan_0193000,OPCID_6,OPCID,340
197,197,WT_rep1__scan_0197000,OPCID_7,OPCID,395
201,201,WT_rep1__scan_0201000,OPCID_8,OPCID,390
246,246,WT_rep1__scan_0246000,OPCID_9,OPCID,75
323,323,WT_rep1__scan_0323000,OPCID_10,OPCID,245
434,434,WT_rep1__scan_0434000,OPCID_11,OPCID,265
631,631,WT_rep1__scan_0631000,OPCID_12,OPCID,360
704,704,WT_rep1__scan_0704000,OPCID_13,OPCID,10
764,764,WT_rep1__scan_0764000,OPCID_14,OPCID,65
773,773,WT_rep1__scan_0773000,OPCID_15,OPCID,90
937,937,WT_rep1__scan_0937000,OPCID_16,OPCID,450
953,953,WT_rep1__scan_0953000,OPCID_17,OPCID,235
963,963,WT_rep1__scan_0963000,OPCID_18,OPCID,165
1143,1143,WT_rep1__scan_1143000,OPCID_19,OPCID,215
1189,1189,WT_rep1__scan_1189000,OPCID_20,OPCID,365
1225,1225,WT_rep1__scan_1225000,OPCID_21,OPCID,115
1249,1249,WT_rep1__scan_1249000,OPCID_22,OPCID,435
1303,1303,WT_rep1__scan_1303000,OPCID_23,OPCID,45
1340,1340,WT_rep1__scan_1340000,OPCID_24,OPCID,125
1354,1354,WT_rep1__scan_1354000,OPCID_25,OPCID,100
1667,1667,WT_rep1__scan_1667000,OPCID_26,OPCID,485
1701,1701,WT_rep1__scan_1701000,OPCID_27,OPCID,185
1735,1735,WT_rep1__scan_1735000,OPCID_28,OPCID,455
1744,1744,WT_rep1__scan_1744000,OPCID_29,OPCID,300
1801,1801,WT_rep1__scan_1801000,OPCID_30,OPCID,125
2143,2143,WT_rep1__scan_2143000,OPCID_31,OPCID,430
2213,2213,WT_rep1__scan_2213000,OPCID_32,OPCID,470
2261,2261,WT_rep1__scan_2261000,OPCID_33,OPCID,500
2391,2391,WT_rep1__scan_2391000,OPCID_34,OPCID,205
2395,2395,WT_rep1__scan_2395000,OPCID_35,OPCID,285
2441,2441,WT_rep1__scan_2441000,OPCID_36,OPCID,140
2531,2531,WT_rep1__scan_2531000,OPCID_37,OPCID,75
2535,2535,WT_rep1__scan_2535000,OPCID_38,OPCID,300
2544,2544,WT_rep1__scan_2544000,OPCID_39,OPCID,125
2564,2564,WT_rep1__scan_2564000,OPCID_40,OPCID,415
2640,2640,WT_rep1__scan_2640000,OPCID_41,OPCID,260
2650,2650,WT_rep1__scan_2650000,OPCID_42,OPCID,405
2663,2663,WT_rep1__scan_2663000,OPCID_43,OPCID,365
2688,2688,WT_rep1__scan_2688000,OPCID_44,OPCID,240
2709,2709,WT_rep1__scan_2709000,OPCID_45,OPCID,400
2868,2868,WT_rep1__scan_2868000,OPCID_46,OPCID,480
2920,2920,WT_rep1__scan_2920000,OPCID_47,OPCID,5
2941,2941,WT_rep1__scan_2941000,OPCID_48,OPCID,115
2967,2967,WT_rep1__scan_2967000,OPCID_49,OPCID,230
3014,3014,WT_rep1__scan_3014000,OPCID_50,OPCID,260
3042,3042,WT_rep1__scan_3042000,OPCID_51,OPCID,330
3049,3049,WT_rep1__scan_3049000,OPCID_52,OPCID,375
3274,3274,WT_rep1__scan_3274000,OPCID_53,OPCID,80
3380,3380,WT_rep1__scan_3380000,OPCID_54,OPCID,450
3444,3444,WT_rep1__scan_3444000,OPCID_55,OPCID,155
3550,3550,WT_rep1__scan_3550000,OPCID_56,OPCID,190
3555,3555,WT_rep1__scan_3555000,OPCID_57,OPCID,400
3641,3641,WT_rep1__scan_3641000,OPCID_58,OPCID,95
3738,3738,WT_rep1__scan_3738000,OPCID_59,OPCID,345
3867,3867,WT_rep1__scan_3867000,OPCID_60,OPCID,260
3919,3919,WT_rep1__scan_3919000,OPCID_61,OPCID,190
3995,3995,WT_rep1__scan_3995000,OPCID_62,OPCID,480
4022,4022,WT_rep1__scan_4022000,OPCID_63,OPCID,175
4118,4118,WT_rep1__scan_4118000,OPCID_64,OPCID,100
4256,4256,WT_rep1__scan_4256000,OPCID_65,OPCID,135
4279,4279,WT_rep1__scan_4279000,OPCID_66,OPCID,295
4484,4484,WT_rep1__scan_4484000,OPCID_67,OPCID,420
4585,4585,WT_rep1__scan_4585000,OPCID_68,OPCID,100
59,59,WT_rep1__scan_0059000,CHIN_1,CHIN,160
85,85,WT_rep1__scan_0085000,CHIN_2,CHIN,340
151,151,WT_rep1__scan_0151000,CHIN_3,CHIN,330
152,152,WT_rep1__scan_0152000,CHIN_4,CHIN,200
152,152,WT_rep1__scan_0152000,CHIN_5,CHIN,340
155,155,WT_rep1__scan_0155000,CHIN_6,CHIN,380
157,157,WT_rep1__scan_0157000,CHIN_7,CHIN,270
180,180,WT_rep1__scan_0180000,CHIN_8,CHIN,380
238,238,WT_rep1__scan_0238000,CHIN_9,CHIN,30
253,253,WT_rep1__scan_0253000,CHIN_10,CHIN,60
256,256,WT_rep1__scan_0256000,CHIN_11,CHIN,400
260,260,WT_rep1__scan_0260000,CHIN_12,CHIN,410
263,263,WT_rep1__scan_0263000,CHIN_13,CHIN,60
294,294,WT_rep1__scan_0294000,CHIN_14,CHIN,60
296,296,WT_rep1__scan_0296000,CHIN_15,CHIN,330
297,297,WT_rep1__scan_0297000,CHIN_16,CHIN,230
303,303,WT_rep1__scan_0303000,CHIN_17,CHIN,370
314,314,WT_rep1__scan_0314000,CHIN_18,CHIN,490
319,319,WT_rep1__scan_0319000,CHIN_19,CHIN,130
336,336,WT_rep1__scan_0336000,CHIN_20,CHIN,60
345,345,WT_rep1__scan_0345000,CHIN_21,CHIN,490
432,432,WT_rep1__scan_0432000,CHIN_22,CHIN,280
481,481,WT_rep1__scan_0481000,CHIN_23,CHIN,360
516,516,WT_rep1__scan_0516000,CHIN_24,CHIN,310
528,528,WT_rep1__scan_0528000,CHIN_25,CHIN,90
537,537,WT_rep1__scan_0537000,CHIN_26,CHIN,30
538,538,WT_rep1__scan_0538000,CHIN_27,CHIN,330
546,546,WT_rep1__scan_0546000,CHIN_28,CHIN,60
559,559,WT_rep1__scan_0559000,CHIN_29,CHIN,250
560,560,WT_rep1__scan_0560000,CHIN_30,CHIN,300
563,563,WT_rep1__scan_0563000,CHIN_31,CHIN,390
566,566,WT_rep1__scan_0566000,CHIN_32,CHIN,470
569,569,WT_rep1__scan_0569000,CHIN_33,CHIN,490
571,571,WT_rep1__scan_0571000,CHIN_34,CHIN,50
572,572,WT_rep1__scan_0572000,CHIN_35,CHIN,430
584,584,WT_rep1__scan_0584000,CHIN_36,CHIN,340
619,619,WT_rep1__scan_0619000,CHIN_37,CHIN,380
637,637,WT_rep1__scan_0637000,CHIN_38,CHIN,220
656,656,WT_rep1__scan_0656000,CHIN_39,CHIN,290
662,662,WT_rep1__scan_0662000,CHIN_40,CHIN,460
677,677,WT_rep1__scan_0677000,CHIN_41,CHIN,80
678,678,WT_rep1__scan_0678000,CHIN_42,CHIN,270
716,716,WT_rep1__scan_0716000,CHIN_43,CHIN,370
721,721,WT_rep1__scan_0721000,CHIN_44,CHIN,280
735,735,WT_rep1__scan_0735000,CHIN_45,CHIN,300
737,737,WT_rep1__scan_0737000,CHIN_46,CHIN,380
749,749,WT_rep1__scan_0749000,CHIN_47,CHIN,180
752,752,WT_rep1__scan_0752000,CHIN_48,CHIN,470
801,801,WT_rep1__scan_0801000,CHIN_49,CHIN,100
821,821,WT_rep1__scan_0821000,CHIN_50,CHIN,20
875,875,WT_rep1__scan_0875000,CHIN_51,CHIN,320
998,998,WT_rep1__scan_0998000,CHIN_52,CHIN,190
999,999,WT_rep1__scan_0999000,CHIN_53,CHIN,20
1050,1050,WT_rep1__scan_1050000,CHIN_54,CHIN,110
1052,1052,WT_rep1__scan_1052000,CHIN_55,CHIN,340
1065,1065,WT_rep1__scan_1065000,CHIN_56,CHIN,60
1088,1088,WT_rep1__scan_1088000,CHIN_57,CHIN,360
1088,1088,WT_rep1__scan_1088000,CHIN_58,CHIN,450
1090,1090,WT_rep1__scan_1090000,CHIN_59,CHIN,80
1093,1093,WT_rep1__scan_1093000,CHIN_60,CHIN,470
1095,1095,WT_rep1__scan_1095000,CHIN_61,CHIN,280
1103,1103,WT_rep1__scan_1103000,CHIN_62,CHIN,320
1105,1105,WT_rep1__scan_1105000,CHIN_63,CHIN,300
1119,1119,WT_rep1__scan_1119000,CHIN_64,CHIN,370
1120,1120,WT_rep1__scan_1120000,CHIN_65,CHIN,190
1181,1181,WT_rep1__scan_1181000,CHIN_66,CHIN,130
1198,1198,WT_rep1__scan_1198000,CHIN_67,CHIN,500
1199,1199,WT_rep1__scan_1199000,CHIN_68,CHIN,60
1203,1203,WT_rep1__scan_1203000,CHIN_69,CHIN,400
1211,1211,WT_rep1__scan_1211000,CHIN_70,CHIN,390
1216,1216,WT_rep1__scan_1216000,CHIN_71,CHIN,280
1217,1217,WT_rep1__scan_1217000,CHIN_72,CHIN,410
1218,1218,WT_rep1__scan_1218000,CHIN_73,CHIN,490
1219,1219,WT_rep1__scan_1219000,CHIN_74,CHIN,170
1220,1220,WT_rep1__scan_1220000,CHIN_75,CHIN,140
1230,1230,WT_rep1__scan_1230000,CHIN_76,CHIN,140
1316,1316,WT_rep1__scan_1316000,CHIN_77,CHIN,470
1371,1371,WT_rep1__scan_1371000,CHIN_78,CHIN,90
1383,1383,WT_rep1__scan_1383000,CHIN_79,CHIN,420
1395,1395,WT_rep1__scan_1395000,CHIN_80,CHIN,60
1412,1412,WT_rep1__scan_1412000,CHIN_81,CHIN,90
1413,1413,WT_rep1__scan_1413000,CHIN_82,CHIN,340
1418,1418,WT_rep1__scan_1418000,CHIN_83,CHIN,360
1420,1420,WT_rep1__scan_1420000,CHIN_84,CHIN,0
1476,1476,WT_rep1__scan_1476000,CHIN_85,CHIN,340
1477,1477,WT_rep1__scan_1477000,CHIN_86,CHIN,500
1521,1521,WT_rep1__scan_1521000,CHIN_87,CHIN,350
1529,1529,WT_rep1__scan_1529000,CHIN_88,CHIN,330
1531,1531,WT_rep1__scan_1531000,CHIN_89,CHIN,80
1567,1567,WT_rep1__scan_1567000,CHIN_90,CHIN,60
1576,1576,WT_rep1__scan_1576000,CHIN_91,CHIN,120
1579,1579,WT_rep1__scan_1579000,CHIN_92,CHIN,440
1583,1583,WT_rep1__scan_1583000,CHIN_93,CHIN,260
1588,1588,WT_rep1__scan_1588000,CHIN_94,CHIN,270
1597,1597,WT_rep1__scan_1597000,CHIN_95,CHIN,450
1616,1616,WT_rep1__scan_1616000,CHIN_96,CHIN,220
1632,1632,WT_rep1__scan_1632000,CHIN_97,CHIN,220
1638,1638,WT_rep1__scan_1638000,CHIN_98,CHIN,30
1648,1648,WT_rep1__scan_1648000,CHIN_99,CHIN,130
1754,1754,WT_rep1__scan_1754000,CHIN_100,CHIN,330
1773,1773,WT_rep1__scan_1773000,CHIN_101,CHIN,80
1776,1776,WT_rep1__scan_1776000,CHIN_102,CHIN,220
1804,1804,WT_rep1__scan_1804000,CHIN_103,CHIN,40
1844,1844,WT_rep1__scan_1844000,CHIN_104,CHIN,500
1854,1854,WT_rep1__scan_1854000,CHIN_105,CHIN,400
1857,1857,WT_rep1__scan_1857000,CHIN_106,CHIN,300
1871,1871,WT_rep1__scan_1871000,CHIN_107,CHIN,30
1872,1872,WT_rep1__scan_1872000,CHIN_108,CHIN,100
2012,2012,WT_rep1__scan_2012000,CHIN_109,CHIN,310
2024,2024,WT_rep1__scan_2024000,CHIN_110,CHIN,70
2037,2037,WT_rep1__scan_2037000,CHIN_111,CHIN,440
2053,2053,WT_rep1__scan_2053000,CHIN_112,CHIN,120
2057,2057,WT_rep1__scan_2057000,CHIN_113,CHIN,90
2104,2104,WT_rep1__scan_2104000,CHIN_114,CHIN,320
2104,2104,WT_rep1__scan_2104000,CHIN_115,CHIN,430
2105,2105,WT_rep1__scan_2105000,CHIN_116,CHIN,310
2106,2106,WT_rep1__scan_2106000,CHIN_117,CHIN,310
2107,2107,WT_rep1__scan_2107000,CHIN_118,CHIN,480
2107,2107,WT_rep1__scan_2107000,CHIN_119,CHIN,70
2108,2108,WT_rep1__scan_2108000,CHIN_120,CHIN,190
2110,2110,WT_rep1__scan_2110000,CHIN_121,CHIN,150
2115,2115,WT_rep1__scan_2115000,CHIN_122,CHIN,310
2130,2130,WT_rep1__scan_2130000,CHIN_123,CHIN,470
2169,2169,WT_rep1__scan_2169000,CHIN_124,CHIN,50
2171,2171,WT_rep1__scan_2171000,CHIN_125,CHIN,360
2174,2174,WT_rep1__scan_2174000,CHIN_126,CHIN,340
2179,2179,WT_rep1__scan_2179000,CHIN_127,CHIN,170
2188,2188,WT_rep1__scan_2188000,CHIN_128,CHIN,70
2189,2189,WT_rep1__scan_2189000,CHIN_129,CHIN,60
2190,2190,WT_rep1__scan_2190000,CHIN_130,CHIN,70
2191,2191,WT_rep1__scan_2191000,CHIN_131,CHIN,390
2234,2234,WT_rep1__scan_2234000,CHIN_132,CHIN,380
2239,2239,WT_rep1__scan_2239000,CHIN_133,CHIN,480
2255,2255,WT_rep1__scan_2255000,CHIN_134,CHIN,470
2259,2259,WT_rep1__scan_2259000,CHIN_135,CHIN,350
2344,2344,WT_rep1__scan_2344000,CHIN_136,CHIN,10
2384,2384,WT_rep1__scan_2384000,CHIN_137,CHIN,140
2386,2386,WT_rep1__scan_2386000,CHIN_138,CHIN,390
2387,2387,WT_rep1__scan_2387000,CHIN_139,CHIN,300
2455,2455,WT_rep1__scan_2455000,CHIN_140,CHIN,490
2463,2463,WT_rep1__scan_2463000,CHIN_141,CHIN,480
2482,2482,WT_rep1__scan_2482000,CHIN_142,CHIN,340
2484,2484,WT_rep1__scan_2484000,CHIN_143,CHIN,120
2485,2485,WT_rep1__scan_2485000,CHIN_144,CHIN,490
2487,2487,WT_rep1__scan_2487000,CHIN_145,CHIN,260
2489,2489,WT_rep1__scan_2489000,CHIN_146,CHIN,490
2493,2493,WT_rep1__scan_2493000,CHIN_147,CHIN,110
2629,2629,WT_rep1__scan_2629000,CHIN_148,CHIN,410
2654,2654,WT_rep1__scan_2654000,CHIN_149,CHIN,250
2700,2700,WT_rep1__scan_2700000,CHIN_150,CHIN,290
2759,2759,WT_rep1__scan_2759000,CHIN_151,CHIN,410
2760,2760,WT_rep1__scan_2760000,CHIN_152,CHIN,480
2774,2774,WT_rep1__scan_2774000,CHIN_153,CHIN,270
2783,2783,WT_rep1__scan_2783000,CHIN_154,CHIN,470
2785,2785,WT_rep1__scan_2785000,CHIN_155,CHIN,360
2787,2787,WT_rep1__scan_2787000,CHIN_156,CHIN,240
2788,2788,WT_rep1__scan_2788000,CHIN_157,CHIN,30
2798,2798,WT_rep1__scan_2798000,CHIN_158,CHIN,70
2805,2805,WT_rep1__scan_2805000,CHIN_159,CHIN,50
2884,2884,WT_rep1__scan_2884000,CHIN_160,CHIN,320
2900,2900,WT_rep1__scan_2900000,CHIN_161,CHIN,70
2905,2905,WT_rep1__scan_2905000,CHIN_162,CHIN,20
2934,2934,WT_rep1__scan_2934000,CHIN_163,CHIN,180
2987,2987,WT_rep1__scan_2987000,CHIN_164,CHIN,170
2989,2989,WT_rep1__scan_2989000,CHIN_165,CHIN,420
2992,2992,WT_rep1__scan_2992000,CHIN_166,CHIN,120
2995,2995,WT_rep1__scan_2995000,CHIN_167,CHIN,20
2997,2997,WT_rep1__scan_2997000,CHIN_168,CHIN,100
3054,3054,WT_rep1__scan_3054000,CHIN_169,CHIN,480
3078,3078,WT_rep1__scan_3078000,CHIN_170,CHIN,170
3187,3187,WT_rep1__scan_3187000,CHIN_171,CHIN,280
3188,3188,WT_rep1__scan_3188000,CHIN_172,CHIN,270
3189,3189,WT_rep1__scan_3189000,CHIN_173,CHIN,500
3190,3190,WT_rep1__scan_3190000,CHIN_174,CHIN,360
3191,3191,WT_rep1__scan_3191000,CHIN_175,CHIN,90
3192,3192,WT_rep1__scan_3192000,CHIN_176,CHIN,180
3206,3206,WT_rep1__scan_3206000,CHIN_177,CHIN,110
3227,3227,WT_rep1__scan_3227000,CHIN_178,CHIN,60
3263,3263,WT_rep1__scan_3263000,CHIN_179,CHIN,50
3266,3266,WT_rep1__scan_3266000,CHIN_180,CHIN,310
3269,3269,WT_rep1__scan_3269000,CHIN_181,CHIN,230
3288,3288,WT_rep1__scan_3288000,CHIN_182,CHIN,70
3321,3321,WT_rep1__scan_3321000,CHIN_183,CHIN,420
3331,3331,WT_rep1__scan_3331000,CHIN_184,CHIN,470
3362,3362,WT_rep1__scan_3362000,CHIN_185,CHIN,350
3413,3413,WT_rep1__scan_3413000,CHIN_186,CHIN,370
3583,3583,WT_rep1__scan_3583000,CHIN_187,CHIN,440
3584,3584,WT_rep1__scan_3584000,CHIN_188,CHIN,130
3633,3633,WT_rep1__scan_3633000,CHIN_189,CHIN,350
3633,3633,WT_rep1__scan_3633000,CHIN_190,CHIN,70
3634,3634,WT_rep1__scan_3634000,CHIN_191,CHIN,150
3635,3635,WT_rep1__scan_3635000,CHIN_192,CHIN,140
3653,3653,WT_rep1__scan_3653000,CHIN_193,CHIN,440
3654,3654,WT_rep1__scan_3654000,CHIN_194,CHIN,320
3657,3657,WT_rep1__scan_3657000,CHIN_195,CHIN,140
3658,3658,WT_rep1__scan_3658000,CHIN_196,CHIN,270
3665,3665,WT_rep1__scan_3665000,CHIN_197,CHIN,150
3674,3674,WT_rep1__scan_3674000,CHIN_198,CHIN,500
3721,3721,WT_rep1__scan_3721000,CHIN_199,CHIN,190
3732,3732,WT_rep1__scan_3732000,CHIN_200,CHIN,70
3745,3745,WT_rep1__scan_3745000,CHIN_201,CHIN,150
3767,3767,WT_rep1__scan_3767000,CHIN_202,CHIN,270
3769,3769,WT_rep1__scan_3769000,CHIN_203,CHIN,230
3790,3790,WT_rep1__scan_3790000,CHIN_204,CHIN,300
3798,3798,WT_rep1__scan_3798000,CHIN_205,CHIN,40
3798,3798,WT_rep1__scan_3798000,CHIN_206,CHIN,440
3799,3799,WT_rep1__scan_3799000,CHIN_207,CHIN,40
3800,3800,WT_rep1__scan_3800000,CHIN_208,CHIN,120
3800,3800,WT_rep1__scan_3800000,CHIN_209,CHIN,410
3802,3802,WT_rep1__scan_3802000,CHIN_210,CHIN,340
3802,3802,WT_rep1__scan_3802000,CHIN_211,CHIN,270
3803,3803,WT_rep1__scan_3803000,CHIN_212,CHIN,470
3803,3803,WT_rep1__scan_3803000,CHIN_213,CHIN,260
3806,3806,WT_rep1__scan_3806000,CHIN_214,CHIN,450
3806,3806,WT_rep1__scan_3806000,CHIN_215,CHIN,30
3837,3837,WT_rep1__scan_3837000,CHIN_216,CHIN,400
3844,3844,WT_rep1__scan_3844000,CHIN_217,CHIN,460
3875,3875,WT_rep1__scan_3875000,CHIN_218,CHIN,460
3902,3902,WT_rep1__scan_3902000,CHIN_219,CHIN,320
3906,3906,WT_rep1__scan_3906000,CHIN_220,CHIN,250
4063,4063,WT_rep1__scan_4063000,CHIN_221,CHIN,500
4064,4064,WT_rep1__scan_4064000,CHIN_222,CHIN,210
4065,4065,WT_rep1__scan_4065000,CHIN_223,CHIN,300
4215,4215,WT_rep1__scan_4215000,CHIN_224,CHIN,460
4222,4222,WT_rep1__scan_4222000,CHIN_225,CHIN,470
4251,4251,WT_rep1__scan_4251000,CHIN_226,CHIN,440
4261,4261,WT_rep1__scan_4261000,CHIN_227,CHIN,160
4269,4269,WT_rep1__scan_4269000,CHIN_228,CHIN,230
4283,4283,WT_rep1__scan_4283000,CHIN_229,CHIN,490
4311,4311,WT_rep1__scan_4311000,CHIN_230,CHIN,440
4338,4338,WT_rep1__scan_4338000,CHIN_231,CHIN,320
4360,4360,WT_rep1__scan_4360000,CHIN_232,CHIN,290
4384,4384,WT_rep1__scan_4384000,CHIN_233,CHIN,200
4411,4411,WT_rep1__scan_4411000,CHIN_234,CHIN,230
4427,4427,WT_rep1__scan_4427000,CHIN_235,CHIN,260
4476,4476,WT_rep1__scan_4476000,CHIN_236,CHIN,270
4480,4480,WT_rep1__scan_4480000,CHIN_237,CHIN,140
4496,4496,WT_rep1__scan_4496000,CHIN_238,CHIN,440
4504,4504,WT_rep1__scan_4504000,CHIN_239,CHIN,290
4505,4505,WT_rep1__scan_4505000,CHIN_240,CHIN,430
4525,4525,WT_rep1__scan_4525000,CHIN_241,CHIN,460
4539,4539,WT_rep1__scan_4539000,CHIN_242,CHIN,400
4540,4540,WT_rep1__scan_4540000,CHIN_243,CHIN,120
4541,4541,WT_rep1__scan_4541000,CHIN_244,CHIN,500
4545,4545,WT_rep1__scan_4545000,CHIN_245,CHIN,470
4556,4556,WT_rep1__scan_4556000,CHIN_246,CHIN,10
4578,4578,WT_rep1__scan_4578000,CHIN_247,CHIN,120
4595,4595,WT_rep1__scan_4595000,CHIN_248,CHIN,370
4604,4604,WT_rep1__scan_4604000,CHIN_249,CHIN,180
4617,4617,WT_rep1__scan_4617000,CHIN_250,CHIN,60
153,153,WT_rep1__scan_0153000,CHID_1,CHID,480
315,315,WT_rep1__scan_0315000,CHID_2,CHID,420
565,565,WT_rep1__scan_0565000,CHID_3,CHID,240
580,580,WT_rep1__scan_0580000,CHID_4,CHID,50
875,875,WT_rep1__scan_0875000,CHID_5,CHID,250
1095,1095,WT_rep1__scan_1095000,CHID_6,CHID,100
1214,1214,WT_rep1__scan_1214000,CHID_7,CHID,445
1545,1545,WT_rep1__scan_1545000,CHID_8,CHID,70
1588,1588,WT_rep1__scan_1588000,CHID_9,CHID,450
1775,1775,WT_rep1__scan_1775000,CHID_10,CHID,15
2106,2106,WT_rep1__scan_2106000,CHID_11,CHID,130
2190,2190,WT_rep1__scan_2190000,CHID_12,CHID,195
2386,2386,WT_rep1__scan_2386000,CHID_13,CHID,195
2486,2486,WT_rep1__scan_2486000,CHID_14,CHID,470
2759,2759,WT_rep1__scan_2759000,CHID_15,CHID,355
2785,2785,WT_rep1__scan_2785000,CHID_16,CHID,290
2992,2992,WT_rep1__scan_2992000,CHID_17,CHID,425
3188,3188,WT_rep1__scan_3188000,CHID_18,CHID,275
3634,3634,WT_rep1__scan_3634000,CHID_19,CHID,395
3655,3655,WT_rep1__scan_3655000,CHID_20,CHID,160
3768,3768,WT_rep1__scan_3768000,CHID_21,CHID,175
3803,3803,WT_rep1__scan_3803000,CHID_22,CHID,365
4063,4063,WT_rep1__scan_4063000,CHID_23,CHID,250
4506,4506,WT_rep1__scan_4506000,CHID_24,CHID,465
4540,4540,WT_rep1__scan_4540000,CHID_25,CHID,195
4579,4579,WT_rep1__scan_4579000,CHID_26,CHID,115
