ID,type,chrom,start,end,center,length_bp,source_sheet,source_row,source_chrom,source_start,source_end,source_center
OPCID_1,OPCID,NC_000913.3,49660,59940,54800,10280,Supplementary Table 4,2,MG1655,49660,59940,
OPCID_2,OPCID,NC_000913.3,87820,93270,90545,5450,Supplementary Table 4,3,MG1655,87820,93270,
OPCID_3,OPCID,NC_000913.3,106140,108980,107560,2840,Supplementary Table 4,4,MG1655,106140,108980,
OPCID_4,OPCID,NC_000913.3,121910,129450,125680,7540,Supplementary Table 4,5,MG1655,121910,129450,
OPCID_5,OPCID,NC_000913.3,182460,184370,183415,1910,Supplementary Table 4,6,MG1655,182460,184370,
OPCID_6,OPCID,NC_000913.3,192730,193950,193340,1220,Supplementary Table 4,7,MG1655,192730,193950,
OPCID_7,OPCID,NC_000913.3,194470,198740,196605,4270,Supplementary Table 4,8,MG1655,194470,198740,
OPCID_8,OPCID,NC_000913.3,199310,201910,200610,2600,Supplementary Table 4,9,MG1655,199310,201910,
OPCID_9,OPCID,NC_000913.3,243140,249010,246075,5870,Supplementary Table 4,10,MG1655,243140,249010,
OPCID_10,OPCID,NC_000913.3,321350,325140,323245,3790,Supplementary Table 4,11,MG1655,321350,325140,
OPCID_11,OPCID,NC_000913.3,426840,441690,434265,14850,Supplementary Table 4,12,MG1655,426840,441690,
OPCID_12,OPCID,NC_000913.3,629820,632900,631360,3080,Supplementary Table 4,13,MG1655,629820,632900,
OPCID_13,OPCID,NC_000913.3,699160,708860,704010,9700,Supplementary Table 4,14,MG1655,699160,708860,
OPCID_14,OPCID,NC_000913.3,762610,765260,763935,2650,Supplementary Table 4,15,MG1655,762610,765260,
OPCID_15,OPCID,NC_000913.3,771270,774550,772910,3280,Supplementary Table 4,16,MG1655,771270,774550,
OPCID_16,OPCID,NC_000913.3,932320,940780,936550,8460,Supplementary Table 4,17,MG1655,932320,940780,
OPCID_17,OPCID,NC_000913.3,950090,955440,952765,5350,Supplementary Table 4,18,MG1655,950090,955440,
OPCID_18,OPCID,NC_000913.3,961460,964210,962835,2750,Supplementary Table 4,19,MG1655,961460,964210,
OPCID_19,OPCID,NC_000913.3,1140560,1145010,1142785,4450,Supplementary Table 4,20,MG1655,1140560,1145010,
OPCID_20,OPCID,NC_000913.3,1186860,1190410,1188635,3550,Supplementary Table 4,21,MG1655,1186860,1190410,
OPCID_21,OPCID,NC_000913.3,1224080,1226150,1225115,2070,Supplementary Table 4,22,MG1655,1224080,1226150,
OPCID_22,OPCID,NC_000913.3,1247430,1251440,1249435,4010,Supplementary Table 4,23,MG1655,1247430,1251440,
OPCID_23,OPCID,NC_000913.3,1295210,1310880,1303045,15670,Supplementary Table 4,24,MG1655,1295210,1310880,
OPCID_24,OPCID,NC_000913.3,1337800,1341950,1339875,4150,Supplementary Table 4,25,MG1655,1337800,1341950,
OPCID_25,OPCID,NC_000913.3,1350060,1357740,1353900,7680,Supplementary Table 4,26,MG1655,1350060,1357740,
OPCID_26,OPCID,NC_000913.3,1666390,1668580,1667485,2190,Supplementary Table 4,27,MG1655,1666390,1668580,
OPCID_27,OPCID,NC_000913.3,1695830,1705800,1700815,9970,Supplementary Table 4,28,MG1655,1695830,1705800,
OPCID_28,OPCID,NC_000913.3,1732990,1737920,1735455,4930,Supplementary Table 4,29,MG1655,1732990,1737920,
OPCID_29,OPCID,NC_000913.3,1741110,1747490,1744300,6380,Supplementary Table 4,30,MG1655,1741110,1747490,
OPCID_30,OPCID,NC_000913.3,1798820,1802930,1800875,4110,Supplementary Table 4,31,MG1655,1798820,1802930,
OPCID_31,OPCID,NC_000913.3,2139120,2147740,2143430,8620,Supplementary Table 4,32,MG1655,2139120,2147740,
OPCID_32,OPCID,NC_000913.3,2211940,2215000,2213470,3060,Supplementary Table 4,33,MG1655,2211940,2215000,
OPCID_33,OPCID,NC_000913.3,2259040,2263960,2261500,4920,Supplementary Table 4,34,MG1655,2259040,2263960,
OPCID_34,OPCID,NC_000913.3,2389410,2393000,2391205,3590,Supplementary Table 4,35,MG1655,2389410,2393000,
OPCID_35,OPCID,NC_000913.3,2393000,2397570,2395285,4570,Supplementary Table 4,36,MG1655,2393000,2397570,
OPCID_36,OPCID,NC_000913.3,2440390,2441890,2441140,1500,Supplementary Table 4,37,MG1655,2440390,2441890,
OPCID_37,OPCID,NC_000913.3,2529590,2532260,2530925,2670,Supplementary Table 4,38,MG1655,2529590,2532260,
OPCID_38,OPCID,NC_000913.3,2532990,2536410,2534700,3420,Supplementary Table 4,39,MG1655,2532990,2536410,
OPCID_39,OPCID,NC_000913.3,2543000,2544750,2543875,1750,Supplementary Table 4,40,MG1655,2543000,2544750,
OPCID_40,OPCID,NC_000913.3,2563220,2565610,2564415,2390,Supplementary Table 4,41,MG1655,2563220,2565610,
OPCID_41,OPCID,NC_000913.3,2637380,2643140,2640260,5760,Supplementary Table 4,42,MG1655,2637380,2643140,
OPCID_42,OPCID,NC_000913.3,2647290,2653520,2650405,6230,Supplementary Table 4,43,MG1655,2647290,2653520,
OPCID_43,OPCID,NC_000913.3,2661520,2663750,2662635,2230,Supplementary Table 4,44,MG1655,2661520,2663750,
OPCID_44,OPCID,NC_000913.3,2683840,2691680,2687760,7840,Supplementary Table 4,45,MG1655,2683840,2691680,
OPCID_45,OPCID,NC_000913.3,2708310,2710490,2709400,2180,Supplementary Table 4,46,MG1655,2708310,2710490,
OPCID_46,OPCID,NC_000913.3,2866350,2870610,2868480,4260,Supplementary Table 4,47,MG1655,2866350,2870610,
OPCID_47,OPCID,NC_000913.3,2917350,2922640,2919995,5290,Supplementary Table 4,48,MG1655,2917350,2922640,
OPCID_48,OPCID,NC_000913.3,2939250,2942980,2941115,3730,Supplementary Table 4,49,MG1655,2939250,2942980,
OPCID_49,OPCID,NC_000913.3,2964460,2969080,2966770,4620,Supplementary Table 4,50,MG1655,2964460,2969080,
OPCID_50,OPCID,NC_000913.3,3012260,3016260,3014260,4000,Supplementary Table 4,51,MG1655,3012260,3016260,
OPCID_51,OPCID,NC_000913.3,3040170,3043170,3041670,3000,Supplementary Table 4,52,MG1655,3040170,3043170,
OPCID_52,OPCID,NC_000913.3,3046160,3051090,3048625,4930,Supplementary Table 4,53,MG1655,3046160,3051090,
OPCID_53,OPCID,NC_000913.3,3269380,3278780,3274080,9400,Supplementary Table 4,54,MG1655,3269380,3278780,
OPCID_54,OPCID,NC_000913.3,3375910,3384990,3380450,9080,Supplementary Table 4,55,MG1655,3375910,3384990,
OPCID_55,OPCID,NC_000913.3,3439610,3448700,3444155,9090,Supplementary Table 4,56,MG1655,3439610,3448700,
OPCID_56,OPCID,NC_000913.3,3547440,3552940,3550190,5500,Supplementary Table 4,57,MG1655,3547440,3552940,
OPCID_57,OPCID,NC_000913.3,3552940,3556260,3554600,3320,Supplementary Table 4,58,MG1655,3552940,3556260,
OPCID_58,OPCID,NC_000913.3,3638960,3642850,3640905,3890,Supplementary Table 4,59,MG1655,3638960,3642850,
OPCID_59,OPCID,NC_000913.3,3735170,3740140,3737655,4970,Supplementary Table 4,60,MG1655,3735170,3740140,
OPCID_60,OPCID,NC_000913.3,3864340,3869140,3866740,4800,Supplementary Table 4,61,MG1655,3864340,3869140,
OPCID_61,OPCID,NC_000913.3,3911270,3927110,3919190,15840,Supplementary Table 4,62,MG1655,3911270,3927110,
OPCID_62,OPCID,NC_000913.3,3986190,4002850,3994520,16660,Supplementary Table 4,63,MG1655,3986190,4002850,
OPCID_63,OPCID,NC_000913.3,4015990,4027660,4021825,11670,Supplementary Table 4,64,MG1655,4015990,4027660,
OPCID_64,OPCID,NC_000913.3,4115250,4120550,4117900,5300,Supplementary Table 4,65,MG1655,4115250,4120550,
OPCID_65,OPCID,NC_000913.3,4252060,4260210,4256135,8150,Supplementary Table 4,66,MG1655,4252060,4260210,
OPCID_66,OPCID,NC_000913.3,4276470,4282120,4279295,5650,Supplementary Table 4,67,MG1655,4276470,4282120,
OPCID_67,OPCID,NC_000913.3,4480430,4488410,4484420,7980,Supplementary Table 4,68,MG1655,4480430,4488410,
OPCID_68,OPCID,NC_000913.3,4583060,4587140,4585100,4080,Supplementary Table 4,69,MG1655,4583060,4587140,
CHIN_1,CHIN,NC_000913.3,58260,59420,58840,1160,Supplementary Table 5,2,MG1655,58260,59420,58840
CHIN_2,CHIN,NC_000913.3,83460,85860,84660,2400,Supplementary Table 5,3,MG1655,83460,85860,84660
CHIN_3,CHIN,NC_000913.3,150060,152600,151330,2540,Supplementary Table 5,4,MG1655,150060,152600,151330
CHIN_4,CHIN,NC_000913.3,150060,153540,151800,3480,Supplementary Table 5,5,MG1655,150060,153540,151800
CHIN_5,CHIN,NC_000913.3,150060,154620,152340,4560,Supplementary Table 5,6,MG1655,150060,154620,152340
CHIN_6,CHIN,NC_000913.3,153540,155700,154620,2160,Supplementary Table 5,7,MG1655,153540,155700,154620
CHIN_7,CHIN,NC_000913.3,156170,157290,156730,1120,Supplementary Table 5,8,MG1655,156170,157290,156730
CHIN_8,CHIN,NC_000913.3,179740,181020,180380,1280,Supplementary Table 5,9,MG1655,179740,181020,180380
CHIN_9,CHIN,NC_000913.3,237000,238940,237970,1940,Supplementary Table 5,10,MG1655,237000,238940,237970
CHIN_10,CHIN,NC_000913.3,252280,253840,253060,1560,Supplementary Table 5,11,MG1655,252280,253840,253060
CHIN_11,CHIN,NC_000913.3,252280,260520,256400,8240,Supplementary Table 5,12,MG1655,252280,260520,256400
CHIN_12,CHIN,NC_000913.3,258700,260480,259590,1780,Supplementary Table 5,13,MG1655,258700,260480,259590
CHIN_13,CHIN,NC_000913.3,262320,263560,262940,1240,Supplementary Table 5,14,MG1655,262320,263560,262940
CHIN_14,CHIN,NC_000913.3,292430,295450,293940,3020,Supplementary Table 5,15,MG1655,292430,295450,293940
CHIN_15,CHIN,NC_000913.3,294940,296400,295670,1460,Supplementary Table 5,16,MG1655,294940,296400,295670
CHIN_16,CHIN,NC_000913.3,296440,298020,297230,1580,Supplementary Table 5,17,MG1655,296440,298020,297230
CHIN_17,CHIN,NC_000913.3,302620,304120,303370,1500,Supplementary Table 5,18,MG1655,302620,304120,303370
CHIN_18,CHIN,NC_000913.3,312500,314520,313510,2020,Supplementary Table 5,19,MG1655,312500,314520,313510
CHIN_19,CHIN,NC_000913.3,318290,319970,319130,1680,Supplementary Table 5,20,MG1655,318290,319970,319130
CHIN_20,CHIN,NC_000913.3,335190,336930,336060,1740,Supplementary Table 5,21,MG1655,335190,336930,336060
CHIN_21,CHIN,NC_000913.3,343740,345280,344510,1540,Supplementary Table 5,22,MG1655,343740,345280,344510
CHIN_22,CHIN,NC_000913.3,431650,432910,432280,1260,Supplementary Table 5,23,MG1655,431650,432910,432280
CHIN_23,CHIN,NC_000913.3,479730,481550,480640,1820,Supplementary Table 5,24,MG1655,479730,481550,480640
CHIN_24,CHIN,NC_000913.3,515700,516920,516310,1220,Supplementary Table 5,25,MG1655,515700,516920,516310
CHIN_25,CHIN,NC_000913.3,526710,529470,528090,2760,Supplementary Table 5,26,MG1655,526710,529470,528090
CHIN_26,CHIN,NC_000913.3,535810,538250,537030,2440,Supplementary Table 5,27,MG1655,535810,538250,537030
CHIN_27,CHIN,NC_000913.3,537490,539170,538330,1680,Supplementary Table 5,28,MG1655,537490,539170,538330
CHIN_28,CHIN,NC_000913.3,545170,546710,545940,1540,Supplementary Table 5,29,MG1655,545170,546710,545940
CHIN_29,CHIN,NC_000913.3,558190,560310,559250,2120,Supplementary Table 5,30,MG1655,558190,560310,559250
CHIN_30,CHIN,NC_000913.3,558190,561210,559700,3020,Supplementary Table 5,31,MG1655,558190,561210,559700
CHIN_31,CHIN,NC_000913.3,562020,564760,563390,2740,Supplementary Table 5,32,MG1655,562020,564760,563390
CHIN_32,CHIN,NC_000913.3,563970,568970,566470,5000,Supplementary Table 5,33,MG1655,563970,568970,566470
CHIN_33,CHIN,NC_000913.3,568090,570890,569490,2800,Supplementary Table 5,34,MG1655,568090,570890,569490
CHIN_34,CHIN,NC_000913.3,569420,572480,570950,3060,Supplementary Table 5,35,MG1655,569420,572480,570950
CHIN_35,CHIN,NC_000913.3,570750,572390,571570,1640,Supplementary Table 5,36,MG1655,570750,572390,571570
CHIN_36,CHIN,NC_000913.3,582900,585780,584340,2880,Supplementary Table 5,37,MG1655,582900,585780,584340
CHIN_37,CHIN,NC_000913.3,617720,619520,618620,1800,Supplementary Table 5,38,MG1655,617720,619520,618620
CHIN_38,CHIN,NC_000913.3,636260,638180,637220,1920,Supplementary Table 5,39,MG1655,636260,638180,637220
CHIN_39,CHIN,NC_000913.3,655540,657040,656290,1500,Supplementary Table 5,40,MG1655,655540,657040,656290
CHIN_40,CHIN,NC_000913.3,660590,662490,661540,1900,Supplementary Table 5,41,MG1655,660590,662490,661540
CHIN_41,CHIN,NC_000913.3,676260,677580,676920,1320,Supplementary Table 5,42,MG1655,676260,677580,676920
CHIN_42,CHIN,NC_000913.3,676260,680280,678270,4020,Supplementary Table 5,43,MG1655,676260,680280,678270
CHIN_43,CHIN,NC_000913.3,715620,717120,716370,1500,Supplementary Table 5,44,MG1655,715620,717120,716370
CHIN_44,CHIN,NC_000913.3,720100,721340,720720,1240,Supplementary Table 5,45,MG1655,720100,721340,720720
CHIN_45,CHIN,NC_000913.3,732990,736410,734700,3420,Supplementary Table 5,46,MG1655,732990,736410,734700
CHIN_46,CHIN,NC_000913.3,735680,739080,737380,3400,Supplementary Table 5,47,MG1655,735680,739080,737380
CHIN_47,CHIN,NC_000913.3,748180,749460,748820,1280,Supplementary Table 5,48,MG1655,748180,749460,748820
CHIN_48,CHIN,NC_000913.3,751750,753190,752470,1440,Supplementary Table 5,49,MG1655,751750,753190,752470
CHIN_49,CHIN,NC_000913.3,799970,802230,801100,2260,Supplementary Table 5,50,MG1655,799970,802230,801100
CHIN_50,CHIN,NC_000913.3,820280,821760,821020,1480,Supplementary Table 5,51,MG1655,820280,821760,821020
CHIN_51,CHIN,NC_000913.3,872520,876840,874680,4320,Supplementary Table 5,52,MG1655,872520,876840,874680
CHIN_52,CHIN,NC_000913.3,997460,998920,998190,1460,Supplementary Table 5,53,MG1655,997460,998920,998190
CHIN_53,CHIN,NC_000913.3,998130,999910,999020,1780,Supplementary Table 5,54,MG1655,998130,999910,999020
CHIN_54,CHIN,NC_000913.3,1049000,1051220,1050110,2220,Supplementary Table 5,55,MG1655,1049000,1051220,1050110
CHIN_55,CHIN,NC_000913.3,1050610,1052710,1051660,2100,Supplementary Table 5,56,MG1655,1050610,1052710,1051660
CHIN_56,CHIN,NC_000913.3,1064050,1065830,1064940,1780,Supplementary Table 5,57,MG1655,1064050,1065830,1064940
CHIN_57,CHIN,NC_000913.3,1086240,1089040,1087640,2800,Supplementary Table 5,58,MG1655,1086240,1089040,1087640
CHIN_58,CHIN,NC_000913.3,1087590,1089310,1088450,1720,Supplementary Table 5,59,MG1655,1087590,1089310,1088450
CHIN_59,CHIN,NC_000913.3,1086240,1093920,1090080,7680,Supplementary Table 5,60,MG1655,1086240,1093920,1090080
CHIN_60,CHIN,NC_000913.3,1090720,1094340,1092530,3620,Supplementary Table 5,61,MG1655,1090720,1094340,1092530
CHIN_61,CHIN,NC_000913.3,1092650,1096790,1094720,4140,Supplementary Table 5,62,MG1655,1092650,1096790,1094720
CHIN_62,CHIN,NC_000913.3,1101500,1103860,1102680,2360,Supplementary Table 5,63,MG1655,1101500,1103860,1102680
CHIN_63,CHIN,NC_000913.3,1103980,1105420,1104700,1440,Supplementary Table 5,64,MG1655,1103980,1105420,1104700
CHIN_64,CHIN,NC_000913.3,1117780,1119480,1118630,1700,Supplementary Table 5,65,MG1655,1117780,1119480,1118630
CHIN_65,CHIN,NC_000913.3,1118940,1121440,1120190,2500,Supplementary Table 5,66,MG1655,1118940,1121440,1120190
CHIN_66,CHIN,NC_000913.3,1180270,1181990,1181130,1720,Supplementary Table 5,67,MG1655,1180270,1181990,1181130
CHIN_67,CHIN,NC_000913.3,1196620,1200380,1198500,3760,Supplementary Table 5,68,MG1655,1196620,1200380,1198500
CHIN_68,CHIN,NC_000913.3,1197850,1200030,1198940,2180,Supplementary Table 5,69,MG1655,1197850,1200030,1198940
CHIN_69,CHIN,NC_000913.3,1201850,1203350,1202600,1500,Supplementary Table 5,70,MG1655,1201850,1203350,1202600
CHIN_70,CHIN,NC_000913.3,1209910,1212870,1211390,2960,Supplementary Table 5,71,MG1655,1209910,1212870,1211390
CHIN_71,CHIN,NC_000913.3,1214260,1217180,1215720,2920,Supplementary Table 5,72,MG1655,1214260,1217180,1215720
CHIN_72,CHIN,NC_000913.3,1215940,1218880,1217410,2940,Supplementary Table 5,73,MG1655,1215940,1218880,1217410
CHIN_73,CHIN,NC_000913.3,1215940,1221040,1218490,5100,Supplementary Table 5,74,MG1655,1215940,1221040,1218490
CHIN_74,CHIN,NC_000913.3,1217950,1220390,1219170,2440,Supplementary Table 5,75,MG1655,1217950,1220390,1219170
CHIN_75,CHIN,NC_000913.3,1219500,1220780,1220140,1280,Supplementary Table 5,76,MG1655,1219500,1220780,1220140
CHIN_76,CHIN,NC_000913.3,1228980,1230740,1229860,1760,Supplementary Table 5,77,MG1655,1228980,1230740,1229860
CHIN_77,CHIN,NC_000913.3,1314540,1316520,1315530,1980,Supplementary Table 5,78,MG1655,1314540,1316520,1315530
CHIN_78,CHIN,NC_000913.3,1369780,1372400,1371090,2620,Supplementary Table 5,79,MG1655,1369780,1372400,1371090
CHIN_79,CHIN,NC_000913.3,1381410,1383750,1382580,2340,Supplementary Table 5,80,MG1655,1381410,1383750,1382580
CHIN_80,CHIN,NC_000913.3,1393890,1396230,1395060,2340,Supplementary Table 5,81,MG1655,1393890,1396230,1395060
CHIN_81,CHIN,NC_000913.3,1411210,1412610,1411910,1400,Supplementary Table 5,82,MG1655,1411210,1412610,1411910
CHIN_82,CHIN,NC_000913.3,1412520,1414160,1413340,1640,Supplementary Table 5,83,MG1655,1412520,1414160,1413340
CHIN_83,CHIN,NC_000913.3,1417480,1419240,1418360,1760,Supplementary Table 5,84,MG1655,1417480,1419240,1418360
CHIN_84,CHIN,NC_000913.3,1419250,1420750,1420000,1500,Supplementary Table 5,85,MG1655,1419250,1420750,1420000
CHIN_85,CHIN,NC_000913.3,1475330,1477350,1476340,2020,Supplementary Table 5,86,MG1655,1475330,1477350,1476340
CHIN_86,CHIN,NC_000913.3,1475330,1479670,1477500,4340,Supplementary Table 5,87,MG1655,1475330,1479670,1477500
CHIN_87,CHIN,NC_000913.3,1519960,1521340,1520650,1380,Supplementary Table 5,88,MG1655,1519960,1521340,1520650
CHIN_88,CHIN,NC_000913.3,1526710,1530630,1528670,3920,Supplementary Table 5,89,MG1655,1526710,1530630,1528670
CHIN_89,CHIN,NC_000913.3,1529440,1532720,1531080,3280,Supplementary Table 5,90,MG1655,1529440,1532720,1531080
CHIN_90,CHIN,NC_000913.3,1566010,1567870,1566940,1860,Supplementary Table 5,91,MG1655,1566010,1567870,1566940
CHIN_91,CHIN,NC_000913.3,1575090,1577150,1576120,2060,Supplementary Table 5,92,MG1655,1575090,1577150,1576120
CHIN_92,CHIN,NC_000913.3,1577970,1580910,1579440,2940,Supplementary Table 5,93,MG1655,1577970,1580910,1579440
CHIN_93,CHIN,NC_000913.3,1581250,1584230,1582740,2980,Supplementary Table 5,94,MG1655,1581250,1584230,1582740
CHIN_94,CHIN,NC_000913.3,1586080,1590460,1588270,4380,Supplementary Table 5,95,MG1655,1586080,1590460,1588270
CHIN_95,CHIN,NC_000913.3,1596300,1598600,1597450,2300,Supplementary Table 5,96,MG1655,1596300,1598600,1597450
CHIN_96,CHIN,NC_000913.3,1615310,1617130,1616220,1820,Supplementary Table 5,97,MG1655,1615310,1617130,1616220
CHIN_97,CHIN,NC_000913.3,1630880,1632680,1631780,1800,Supplementary Table 5,98,MG1655,1630880,1632680,1631780
CHIN_98,CHIN,NC_000913.3,1636990,1639070,1638030,2080,Supplementary Table 5,99,MG1655,1636990,1639070,1638030
CHIN_99,CHIN,NC_000913.3,1646300,1649960,1648130,3660,Supplementary Table 5,100,MG1655,1646300,1649960,1648130
CHIN_100,CHIN,NC_000913.3,1753290,1755370,1754330,2080,Supplementary Table 5,101,MG1655,1753290,1755370,1754330
CHIN_101,CHIN,NC_000913.3,1771840,1774000,1772920,2160,Supplementary Table 5,102,MG1655,1771840,1774000,1772920
CHIN_102,CHIN,NC_000913.3,1775480,1776960,1776220,1480,Supplementary Table 5,103,MG1655,1775480,1776960,1776220
CHIN_103,CHIN,NC_000913.3,1802700,1805220,1803960,2520,Supplementary Table 5,104,MG1655,1802700,1805220,1803960
CHIN_104,CHIN,NC_000913.3,1843870,1845130,1844500,1260,Supplementary Table 5,105,MG1655,1843870,1845130,1844500
CHIN_105,CHIN,NC_000913.3,1852690,1854510,1853600,1820,Supplementary Table 5,106,MG1655,1852690,1854510,1853600
CHIN_106,CHIN,NC_000913.3,1856500,1858100,1857300,1600,Supplementary Table 5,107,MG1655,1856500,1858100,1857300
CHIN_107,CHIN,NC_000913.3,1869840,1872100,1870970,2260,Supplementary Table 5,108,MG1655,1869840,1872100,1870970
CHIN_108,CHIN,NC_000913.3,1869840,1873960,1871900,4120,Supplementary Table 5,109,MG1655,1869840,1873960,1871900
CHIN_109,CHIN,NC_000913.3,2010930,2012450,2011690,1520,Supplementary Table 5,110,MG1655,2010930,2012450,2011690
CHIN_110,CHIN,NC_000913.3,2023320,2024820,2024070,1500,Supplementary Table 5,111,MG1655,2023320,2024820,2024070
CHIN_111,CHIN,NC_000913.3,2035550,2037570,2036560,2020,Supplementary Table 5,112,MG1655,2035550,2037570,2036560
CHIN_112,CHIN,NC_000913.3,2052200,2053560,2052880,1360,Supplementary Table 5,113,MG1655,2052200,2053560,2052880
CHIN_113,CHIN,NC_000913.3,2056360,2057820,2057090,1460,Supplementary Table 5,114,MG1655,2056360,2057820,2057090
CHIN_114,CHIN,NC_000913.3,2102940,2104420,2103680,1480,Supplementary Table 5,115,MG1655,2102940,2104420,2103680
CHIN_115,CHIN,NC_000913.3,2102940,2105920,2104430,2980,Supplementary Table 5,116,MG1655,2102940,2105920,2104430
CHIN_116,CHIN,NC_000913.3,2102940,2106440,2104690,3500,Supplementary Table 5,117,MG1655,2102940,2106440,2104690
CHIN_117,CHIN,NC_000913.3,2103970,2107410,2105690,3440,Supplementary Table 5,118,MG1655,2103970,2107410,2105690
CHIN_118,CHIN,NC_000913.3,2105150,2107890,2106520,2740,Supplementary Table 5,119,MG1655,2105150,2107890,2106520
CHIN_119,CHIN,NC_000913.3,2105150,2108710,2106930,3560,Supplementary Table 5,120,MG1655,2105150,2108710,2106930
CHIN_120,CHIN,NC_000913.3,2106480,2109140,2107810,2660,Supplementary Table 5,121,MG1655,2106480,2109140,2107810
CHIN_121,CHIN,NC_000913.3,2108740,2110960,2109850,2220,Supplementary Table 5,122,MG1655,2108740,2110960,2109850
CHIN_122,CHIN,NC_000913.3,2114070,2115310,2114690,1240,Supplementary Table 5,123,MG1655,2114070,2115310,2114690
CHIN_123,CHIN,NC_000913.3,2128380,2130680,2129530,2300,Supplementary Table 5,124,MG1655,2128380,2130680,2129530
CHIN_124,CHIN,NC_000913.3,2167780,2170120,2168950,2340,Supplementary Table 5,125,MG1655,2167780,2170120,2168950
CHIN_125,CHIN,NC_000913.3,2169510,2173210,2171360,3700,Supplementary Table 5,126,MG1655,2169510,2173210,2171360
CHIN_126,CHIN,NC_000913.3,2172240,2175080,2173660,2840,Supplementary Table 5,127,MG1655,2172240,2175080,2173660
CHIN_127,CHIN,NC_000913.3,2178150,2180190,2179170,2040,Supplementary Table 5,128,MG1655,2178150,2180190,2179170
CHIN_128,CHIN,NC_000913.3,2187330,2188810,2188070,1480,Supplementary Table 5,129,MG1655,2187330,2188810,2188070
CHIN_129,CHIN,NC_000913.3,2188010,2189870,2188940,1860,Supplementary Table 5,130,MG1655,2188010,2189870,2188940
CHIN_130,CHIN,NC_000913.3,2187330,2192810,2190070,5480,Supplementary Table 5,131,MG1655,2187330,2192810,2190070
CHIN_131,CHIN,NC_000913.3,2190110,2192670,2191390,2560,Supplementary Table 5,132,MG1655,2190110,2192670,2191390
CHIN_132,CHIN,NC_000913.3,2233020,2234220,2233620,1200,Supplementary Table 5,133,MG1655,2233020,2234220,2233620
CHIN_133,CHIN,NC_000913.3,2237570,2239470,2238520,1900,Supplementary Table 5,134,MG1655,2237570,2239470,2238520
CHIN_134,CHIN,NC_000913.3,2254830,2256110,2255470,1280,Supplementary Table 5,135,MG1655,2254830,2256110,2255470
CHIN_135,CHIN,NC_000913.3,2257770,2259530,2258650,1760,Supplementary Table 5,136,MG1655,2257770,2259530,2258650
CHIN_136,CHIN,NC_000913.3,2343360,2344660,2344010,1300,Supplementary Table 5,137,MG1655,2343360,2344660,2344010
CHIN_137,CHIN,NC_000913.3,2383080,2385200,2384140,2120,Supplementary Table 5,138,MG1655,2383080,2385200,2384140
CHIN_138,CHIN,NC_000913.3,2385750,2387030,2386390,1280,Supplementary Table 5,139,MG1655,2385750,2387030,2386390
CHIN_139,CHIN,NC_000913.3,2385750,2388850,2387300,3100,Supplementary Table 5,140,MG1655,2385750,2388850,2387300
CHIN_140,CHIN,NC_000913.3,2454600,2456380,2455490,1780,Supplementary Table 5,141,MG1655,2454600,2456380,2455490
CHIN_141,CHIN,NC_000913.3,2462580,2464380,2463480,1800,Supplementary Table 5,142,MG1655,2462580,2464380,2463480
CHIN_142,CHIN,NC_000913.3,2480930,2483750,2482340,2820,Supplementary Table 5,143,MG1655,2480930,2483750,2482340
CHIN_143,CHIN,NC_000913.3,2480930,2486830,2483880,5900,Supplementary Table 5,144,MG1655,2480930,2486830,2483880
CHIN_144,CHIN,NC_000913.3,2482490,2486530,2484510,4040,Supplementary Table 5,145,MG1655,2482490,2486530,2484510
CHIN_145,CHIN,NC_000913.3,2485190,2488290,2486740,3100,Supplementary Table 5,146,MG1655,2485190,2488290,2486740
CHIN_146,CHIN,NC_000913.3,2488280,2490700,2489490,2420,Supplementary Table 5,147,MG1655,2488280,2490700,2489490
CHIN_147,CHIN,NC_000913.3,2491890,2493890,2492890,2000,Supplementary Table 5,148,MG1655,2491890,2493890,2492890
CHIN_148,CHIN,NC_000913.3,2628290,2630530,2629410,2240,Supplementary Table 5,149,MG1655,2628290,2630530,2629410
CHIN_149,CHIN,NC_000913.3,2653160,2654340,2653750,1180,Supplementary Table 5,150,MG1655,2653160,2654340,2653750
CHIN_150,CHIN,NC_000913.3,2699740,2700840,2700290,1100,Supplementary Table 5,151,MG1655,2699740,2700840,2700290
CHIN_151,CHIN,NC_000913.3,2757510,2759670,2758590,2160,Supplementary Table 5,152,MG1655,2757510,2759670,2758590
CHIN_152,CHIN,NC_000913.3,2757510,2761530,2759520,4020,Supplementary Table 5,153,MG1655,2757510,2761530,2759520
CHIN_153,CHIN,NC_000913.3,2773010,2775530,2774270,2520,Supplementary Table 5,154,MG1655,2773010,2775530,2774270
CHIN_154,CHIN,NC_000913.3,2781040,2785900,2783470,4860,Supplementary Table 5,155,MG1655,2781040,2785900,2783470
CHIN_155,CHIN,NC_000913.3,2784290,2786430,2785360,2140,Supplementary Table 5,156,MG1655,2784290,2786430,2785360
CHIN_156,CHIN,NC_000913.3,2784290,2789230,2786760,4940,Supplementary Table 5,157,MG1655,2784290,2789230,2786760
CHIN_157,CHIN,NC_000913.3,2787400,2788660,2788030,1260,Supplementary Table 5,158,MG1655,2787400,2788660,2788030
CHIN_158,CHIN,NC_000913.3,2797390,2798750,2798070,1360,Supplementary Table 5,159,MG1655,2797390,2798750,2798070
CHIN_159,CHIN,NC_000913.3,2804290,2805810,2805050,1520,Supplementary Table 5,160,MG1655,2804290,2805810,2805050
CHIN_160,CHIN,NC_000913.3,2882580,2884780,2883680,2200,Supplementary Table 5,161,MG1655,2882580,2884780,2883680
CHIN_161,CHIN,NC_000913.3,2899270,2900870,2900070,1600,Supplementary Table 5,162,MG1655,2899270,2900870,2900070
CHIN_162,CHIN,NC_000913.3,2903620,2906340,2904980,2720,Supplementary Table 5,163,MG1655,2903620,2906340,2904980
CHIN_163,CHIN,NC_000913.3,2933470,2934890,2934180,1420,Supplementary Table 5,164,MG1655,2933470,2934890,2934180
CHIN_164,CHIN,NC_000913.3,2986330,2988010,2987170,1680,Supplementary Table 5,165,MG1655,2986330,2988010,2987170
CHIN_165,CHIN,NC_000913.3,2986330,2990830,2988580,4500,Supplementary Table 5,166,MG1655,2986330,2990830,2988580
CHIN_166,CHIN,NC_000913.3,2986330,2997430,2991880,11100,Supplementary Table 5,167,MG1655,2986330,2997430,2991880
CHIN_167,CHIN,NC_000913.3,2993620,2996420,2995020,2800,Supplementary Table 5,168,MG1655,2993620,2996420,2995020
CHIN_168,CHIN,NC_000913.3,2995130,2999070,2997100,3940,Supplementary Table 5,169,MG1655,2995130,2999070,2997100
CHIN_169,CHIN,NC_000913.3,3053730,3055230,3054480,1500,Supplementary Table 5,170,MG1655,3053730,3055230,3054480
CHIN_170,CHIN,NC_000913.3,3076900,3079440,3078170,2540,Supplementary Table 5,171,MG1655,3076900,3079440,3078170
CHIN_171,CHIN,NC_000913.3,3185610,3187830,3186720,2220,Supplementary Table 5,172,MG1655,3185610,3187830,3186720
CHIN_172,CHIN,NC_000913.3,3187520,3189020,3188270,1500,Supplementary Table 5,173,MG1655,3187520,3189020,3188270
CHIN_173,CHIN,NC_000913.3,3187520,3191480,3189500,3960,Supplementary Table 5,174,MG1655,3187520,3191480,3189500
CHIN_174,CHIN,NC_000913.3,3188660,3192060,3190360,3400,Supplementary Table 5,175,MG1655,3188660,3192060,3190360
CHIN_175,CHIN,NC_000913.3,3189930,3192250,3191090,2320,Supplementary Table 5,176,MG1655,3189930,3192250,3191090
CHIN_176,CHIN,NC_000913.3,3190810,3192830,3191820,2020,Supplementary Table 5,177,MG1655,3190810,3192830,3191820
CHIN_177,CHIN,NC_000913.3,3205500,3206720,3206110,1220,Supplementary Table 5,178,MG1655,3205500,3206720,3206110
CHIN_178,CHIN,NC_000913.3,3225680,3228200,3226940,2520,Supplementary Table 5,179,MG1655,3225680,3228200,3226940
CHIN_179,CHIN,NC_000913.3,3262150,3263750,3262950,1600,Supplementary Table 5,180,MG1655,3262150,3263750,3262950
CHIN_180,CHIN,NC_000913.3,3264890,3266490,3265690,1600,Supplementary Table 5,181,MG1655,3264890,3266490,3265690
CHIN_181,CHIN,NC_000913.3,3267680,3269860,3268770,2180,Supplementary Table 5,182,MG1655,3267680,3269860,3268770
CHIN_182,CHIN,NC_000913.3,3286970,3288890,3287930,1920,Supplementary Table 5,183,MG1655,3286970,3288890,3287930
CHIN_183,CHIN,NC_000913.3,3320530,3322310,3321420,1780,Supplementary Table 5,184,MG1655,3320530,3322310,3321420
CHIN_184,CHIN,NC_000913.3,3329880,3331180,3330530,1300,Supplementary Table 5,185,MG1655,3329880,3331180,3330530
CHIN_185,CHIN,NC_000913.3,3360590,3362710,3361650,2120,Supplementary Table 5,186,MG1655,3360590,3362710,3361650
CHIN_186,CHIN,NC_000913.3,3412610,3414130,3413370,1520,Supplementary Table 5,187,MG1655,3412610,3414130,3413370
CHIN_187,CHIN,NC_000913.3,3581640,3583480,3582560,1840,Supplementary Table 5,188,MG1655,3581640,3583480,3582560
CHIN_188,CHIN,NC_000913.3,3582640,3585100,3583870,2460,Supplementary Table 5,189,MG1655,3582640,3585100,3583870
CHIN_189,CHIN,NC_000913.3,3631380,3633920,3632650,2540,Supplementary Table 5,190,MG1655,3631380,3633920,3632650
CHIN_190,CHIN,NC_000913.3,3631380,3634760,3633070,3380,Supplementary Table 5,191,MG1655,3631380,3634760,3633070
CHIN_191,CHIN,NC_000913.3,3631380,3636320,3633850,4940,Supplementary Table 5,192,MG1655,3631380,3636320,3633850
CHIN_192,CHIN,NC_000913.3,3634410,3635870,3635140,1460,Supplementary Table 5,193,MG1655,3634410,3635870,3635140
CHIN_193,CHIN,NC_000913.3,3651080,3654040,3652560,2960,Supplementary Table 5,194,MG1655,3651080,3654040,3652560
CHIN_194,CHIN,NC_000913.3,3653170,3655470,3654320,2300,Supplementary Table 5,195,MG1655,3653170,3655470,3654320
CHIN_195,CHIN,NC_000913.3,3655000,3658720,3656860,3720,Supplementary Table 5,196,MG1655,3655000,3658720,3656860
CHIN_196,CHIN,NC_000913.3,3656690,3658770,3657730,2080,Supplementary Table 5,197,MG1655,3656690,3658770,3657730
CHIN_197,CHIN,NC_000913.3,3664320,3665980,3665150,1660,Supplementary Table 5,198,MG1655,3664320,3665980,3665150
CHIN_198,CHIN,NC_000913.3,3673940,3675060,3674500,1120,Supplementary Table 5,199,MG1655,3673940,3675060,3674500
CHIN_199,CHIN,NC_000913.3,3720060,3722320,3721190,2260,Supplementary Table 5,200,MG1655,3720060,3722320,3721190
CHIN_200,CHIN,NC_000913.3,3730830,3733310,3732070,2480,Supplementary Table 5,201,MG1655,3730830,3733310,3732070
CHIN_201,CHIN,NC_000913.3,3743830,3746470,3745150,2640,Supplementary Table 5,202,MG1655,3743830,3746470,3745150
CHIN_202,CHIN,NC_000913.3,3766010,3768530,3767270,2520,Supplementary Table 5,203,MG1655,3766010,3768530,3767270
CHIN_203,CHIN,NC_000913.3,3767450,3770090,3768770,2640,Supplementary Table 5,204,MG1655,3767450,3770090,3768770
CHIN_204,CHIN,NC_000913.3,3788920,3790480,3789700,1560,Supplementary Table 5,205,MG1655,3788920,3790480,3789700
CHIN_205,CHIN,NC_000913.3,3796820,3799260,3798040,2440,Supplementary Table 5,206,MG1655,3796820,3799260,3798040
CHIN_206,CHIN,NC_000913.3,3796820,3800060,3798440,3240,Supplementary Table 5,207,MG1655,3796820,3800060,3798440
CHIN_207,CHIN,NC_000913.3,3796820,3801260,3799040,4440,Supplementary Table 5,208,MG1655,3796820,3801260,3799040
CHIN_208,CHIN,NC_000913.3,3796820,3802940,3799880,6120,Supplementary Table 5,209,MG1655,3796820,3802940,3799880
CHIN_209,CHIN,NC_000913.3,3796820,3804000,3800410,7180,Supplementary Table 5,210,MG1655,3796820,3804000,3800410
CHIN_210,CHIN,NC_000913.3,3796820,3806500,3801660,9680,Supplementary Table 5,211,MG1655,3796820,3806500,3801660
CHIN_211,CHIN,NC_000913.3,3796820,3807720,3802270,10900,Supplementary Table 5,212,MG1655,3796820,3807720,3802270
CHIN_212,CHIN,NC_000913.3,3796820,3808240,3802530,11420,Supplementary Table 5,213,MG1655,3796820,3808240,3802530
CHIN_213,CHIN,NC_000913.3,3798700,3807820,3803260,9120,Supplementary Table 5,214,MG1655,3798700,3807820,3803260
CHIN_214,CHIN,NC_000913.3,3803270,3807830,3805550,4560,Supplementary Table 5,215,MG1655,3803270,3807830,3805550
CHIN_215,CHIN,NC_000913.3,3803910,3808030,3805970,4120,Supplementary Table 5,216,MG1655,3803910,3808030,3805970
CHIN_216,CHIN,NC_000913.3,3836700,3838100,3837400,1400,Supplementary Table 5,217,MG1655,3836700,3838100,3837400
CHIN_217,CHIN,NC_000913.3,3842940,3844140,3843540,1200,Supplementary Table 5,218,MG1655,3842940,3844140,3843540
CHIN_218,CHIN,NC_000913.3,3874630,3876290,3875460,1660,Supplementary Table 5,219,MG1655,3874630,3876290,3875460
CHIN_219,CHIN,NC_000913.3,3900640,3902720,3901680,2080,Supplementary Table 5,220,MG1655,3900640,3902720,3901680
CHIN_220,CHIN,NC_000913.3,3905540,3906960,3906250,1420,Supplementary Table 5,221,MG1655,3905540,3906960,3906250
CHIN_221,CHIN,NC_000913.3,4061600,4065400,4063500,3800,Supplementary Table 5,222,MG1655,4061600,4065400,4063500
CHIN_222,CHIN,NC_000913.3,4063250,4065170,4064210,1920,Supplementary Table 5,223,MG1655,4063250,4065170,4064210
CHIN_223,CHIN,NC_000913.3,4063900,4065500,4064700,1600,Supplementary Table 5,224,MG1655,4063900,4065500,4064700
CHIN_224,CHIN,NC_000913.3,4214840,4216080,4215460,1240,Supplementary Table 5,225,MG1655,4214840,4216080,4215460
CHIN_225,CHIN,NC_000913.3,4220330,4222730,4221530,2400,Supplementary Table 5,226,MG1655,4220330,4222730,4221530
CHIN_226,CHIN,NC_000913.3,4250240,4252640,4251440,2400,Supplementary Table 5,227,MG1655,4250240,4252640,4251440
CHIN_227,CHIN,NC_000913.3,4259950,4261730,4260840,1780,Supplementary Table 5,228,MG1655,4259950,4261730,4260840
CHIN_228,CHIN,NC_000913.3,4268140,4269400,4268770,1260,Supplementary Table 5,229,MG1655,4268140,4269400,4268770
CHIN_229,CHIN,NC_000913.3,4281710,4283310,4282510,1600,Supplementary Table 5,230,MG1655,4281710,4283310,4282510
CHIN_230,CHIN,NC_000913.3,4310500,4312380,4311440,1880,Supplementary Table 5,231,MG1655,4310500,4312380,4311440
CHIN_231,CHIN,NC_000913.3,4336710,4338650,4337680,1940,Supplementary Table 5,232,MG1655,4336710,4338650,4337680
CHIN_232,CHIN,NC_000913.3,4359540,4361040,4360290,1500,Supplementary Table 5,233,MG1655,4359540,4361040,4360290
CHIN_233,CHIN,NC_000913.3,4383690,4384710,4384200,1020,Supplementary Table 5,234,MG1655,4383690,4384710,4384200
CHIN_234,CHIN,NC_000913.3,4409780,4412680,4411230,2900,Supplementary Table 5,235,MG1655,4409780,4412680,4411230
CHIN_235,CHIN,NC_000913.3,4426690,4427830,4427260,1140,Supplementary Table 5,236,MG1655,4426690,4427830,4427260
CHIN_236,CHIN,NC_000913.3,4475240,4477300,4476270,2060,Supplementary Table 5,237,MG1655,4475240,4477300,4476270
CHIN_237,CHIN,NC_000913.3,4479470,4480810,4480140,1340,Supplementary Table 5,238,MG1655,4479470,4480810,4480140
CHIN_238,CHIN,NC_000913.3,4495410,4497470,4496440,2060,Supplementary Table 5,239,MG1655,4495410,4497470,4496440
CHIN_239,CHIN,NC_000913.3,4503670,4504910,4504290,1240,Supplementary Table 5,240,MG1655,4503670,4504910,4504290
CHIN_240,CHIN,NC_000913.3,4503670,4505470,4504570,1800,Supplementary Table 5,241,MG1655,4503670,4505470,4504570
CHIN_241,CHIN,NC_000913.3,4524820,4526100,4525460,1280,Supplementary Table 5,242,MG1655,4524820,4526100,4525460
CHIN_242,CHIN,NC_000913.3,4537470,4539730,4538600,2260,Supplementary Table 5,243,MG1655,4537470,4539730,4538600
CHIN_243,CHIN,NC_000913.3,4537470,4542770,4540120,5300,Supplementary Table 5,244,MG1655,4537470,4542770,4540120
CHIN_244,CHIN,NC_000913.3,4540460,4542540,4541500,2080,Supplementary Table 5,245,MG1655,4540460,4542540,4541500
CHIN_245,CHIN,NC_000913.3,4544360,4546580,4545470,2220,Supplementary Table 5,246,MG1655,4544360,4546580,4545470
CHIN_246,CHIN,NC_000913.3,4555270,4556750,4556010,1480,Supplementary Table 5,247,MG1655,4555270,4556750,4556010
CHIN_247,CHIN,NC_000913.3,4576950,4579290,4578120,2340,Supplementary Table 5,248,MG1655,4576950,4579290,4578120
CHIN_248,CHIN,NC_000913.3,4594330,4596410,4595370,2080,Supplementary Table 5,249,MG1655,4594330,4596410,4595370
CHIN_249,CHIN,NC_000913.3,4602820,4604820,4603820,2000,Supplementary Table 5,250,MG1655,4602820,4604820,4603820
CHIN_250,CHIN,NC_000913.3,4616400,4617480,4616940,1080,Supplementary Table 5,251,MG1655,4616400,4617480,4616940
CHID_1,CHID,NC_000913.3,149900,157060,153480,7160,Supplementary Table 6,2,MG1655,149900,157060,
CHID_2,CHID,NC_000913.3,310750,320090,315420,9340,Supplementary Table 6,3,MG1655,310750,320090,
CHID_3,CHID,NC_000913.3,558100,572380,565240,14280,Supplementary Table 6,4,MG1655,558100,572380,
CHID_4,CHID,NC_000913.3,574340,585760,580050,11420,Supplementary Table 6,5,MG1655,574340,585760,
CHID_5,CHID,NC_000913.3,872940,876560,874750,3620,Supplementary Table 6,6,MG1655,872940,876560,
CHID_6,CHID,NC_000913.3,1085960,1104240,1095100,18280,Supplementary Table 6,7,MG1655,1085960,1104240,
CHID_7,CHID,NC_000913.3,1207850,1221040,1214445,13190,Supplementary Table 6,8,MG1655,1207850,1221040,
CHID_8,CHID,NC_000913.3,1543310,1546830,1545070,3520,Supplementary Table 6,9,MG1655,1543310,1546830,
CHID_9,CHID,NC_000913.3,1586640,1590260,1588450,3620,Supplementary Table 6,10,MG1655,1586640,1590260,
CHID_10,CHID,NC_000913.3,1770410,1779620,1775015,9210,Supplementary Table 6,11,MG1655,1770410,1779620,
CHID_11,CHID,NC_000913.3,2101300,2110960,2106130,9660,Supplementary Table 6,12,MG1655,2101300,2110960,
CHID_12,CHID,NC_000913.3,2187180,2192430,2189805,5250,Supplementary Table 6,13,MG1655,2187180,2192430,
CHID_13,CHID,NC_000913.3,2382590,2389020,2385805,6430,Supplementary Table 6,14,MG1655,2382590,2389020,
CHID_14,CHID,NC_000913.3,2480590,2492350,2486470,11760,Supplementary Table 6,15,MG1655,2480590,2492350,
CHID_15,CHID,NC_000913.3,2757490,2761220,2759355,3730,Supplementary Table 6,16,MG1655,2757490,2761220,
CHID_16,CHID,NC_000913.3,2780610,2788810,2784710,8200,Supplementary Table 6,17,MG1655,2780610,2788810,
CHID_17,CHID,NC_000913.3,2986150,2998700,2992425,12550,Supplementary Table 6,18,MG1655,2986150,2998700,
CHID_18,CHID,NC_000913.3,3183500,3193050,3188275,9550,Supplementary Table 6,19,MG1655,3183500,3193050,
CHID_19,CHID,NC_000913.3,3631260,3635950,3633605,4690,Supplementary Table 6,20,MG1655,3631260,3635950,
CHID_20,CHID,NC_000913.3,3650910,3658770,3654840,7860,Supplementary Table 6,21,MG1655,3650910,3658770,
CHID_21,CHID,NC_000913.3,3765970,3769680,3767825,3710,Supplementary Table 6,22,MG1655,3765970,3769680,
CHID_22,CHID,NC_000913.3,3797060,3808210,3802635,11150,Supplementary Table 6,23,MG1655,3797060,3808210,
CHID_23,CHID,NC_000913.3,4061010,4065490,4063250,4480,Supplementary Table 6,24,MG1655,4061010,4065490,
CHID_24,CHID,NC_000913.3,4503590,4507480,4505535,3890,Supplementary Table 6,25,MG1655,4503590,4507480,
CHID_25,CHID,NC_000913.3,4533730,4546660,4540195,12930,Supplementary Table 6,26,MG1655,4533730,4546660,
CHID_26,CHID,NC_000913.3,4576950,4581280,4579115,4330,Supplementary Table 6,27,MG1655,4576950,4581280,
