position_id,structure_id,type,chrom,center,start,end,group_id,split,segments
pos_0042800_24000,OPCID_1,OPCID,NC_000913.3,54800,42800,66800,group_0001,test,"[{""start"":42800,""end"":66800}]"
pos_0078545_24000,OPCID_2,OPCID,NC_000913.3,90545,78545,102545,group_0002,train,"[{""start"":78545,""end"":102545}]"
pos_0095560_24000,OPCID_3,OPCID,NC_000913.3,107560,95560,119560,group_0002,train,"[{""start"":95560,""end"":119560}]"
pos_0113680_24000,OPCID_4,OPCID,NC_000913.3,125680,113680,137680,group_0002,train,"[{""start"":113680,""end"":137680}]"
pos_0171415_24000,OPCID_5,OPCID,NC_000913.3,183415,171415,195415,group_0003,test,"[{""start"":171415,""end"":195415}]"
pos_0181340_24000,OPCID_6,OPCID,NC_000913.3,193340,181340,205340,group_0003,test,"[{""start"":181340,""end"":205340}]"
pos_0184605_24000,OPCID_7,OPCID,NC_000913.3,196605,184605,208605,group_0003,test,"[{""start"":184605,""end"":208605}]"
pos_0188610_24000,OPCID_8,OPCID,NC_000913.3,200610,188610,212610,group_0003,test,"[{""start"":188610,""end"":212610}]"
pos_0234075_24000,OPCID_9,OPCID,NC_000913.3,246075,234075,258075,group_0004,train,"[{""start"":234075,""end"":258075}]"
pos_0311245_24000,OPCID_10,OPCID,NC_000913.3,323245,311245,335245,group_0005,train,"[{""start"":311245,""end"":335245}]"
pos_0422265_24000,OPCID_11,OPCID,NC_000913.3,434265,422265,446265,group_0006,train,"[{""start"":422265,""end"":446265}]"
pos_0619360_24000,OPCID_12,OPCID,NC_000913.3,631360,619360,643360,group_0007,test,"[{""start"":619360,""end"":643360}]"
pos_0692010_24000,OPCID_13,OPCID,NC_000913.3,704010,692010,716010,group_0008,val,"[{""start"":692010,""end"":716010}]"
pos_0751935_24000,OPCID_14,OPCID,NC_000913.3,763935,751935,775935,group_0008,val,"[{""start"":751935,""end"":775935}]"
pos_0760910_24000,OPCID_15,OPCID,NC_000913.3,772910,760910,784910,group_0008,val,"[{""start"":760910,""end"":784910}]"
pos_0924550_24000,OPCID_16,OPCID,NC_000913.3,936550,924550,948550,group_0009,train,"[{""start"":924550,""end"":948550}]"
pos_0940765_24000,OPCID_17,OPCID,NC_000913.3,952765,940765,964765,group_0009,train,"[{""start"":940765,""end"":964765}]"
pos_0950835_24000,OPCID_18,OPCID,NC_000913.3,962835,950835,974835,group_0009,train,"[{""start"":950835,""end"":974835}]"
pos_1130785_24000,OPCID_19,OPCID,NC_000913.3,1142785,1130785,1154785,group_0010,train,"[{""start"":1130785,""end"":1154785}]"
pos_1176635_24000,OPCID_20,OPCID,NC_000913.3,1188635,1176635,1200635,group_0011,train,"[{""start"":1176635,""end"":1200635}]"
pos_1213115_24000,OPCID_21,OPCID,NC_000913.3,1225115,1213115,1237115,group_0011,train,"[{""start"":1213115,""end"":1237115}]"
pos_1237435_24000,OPCID_22,OPCID,NC_000913.3,1249435,1237435,1261435,group_0011,train,"[{""start"":1237435,""end"":1261435}]"
pos_1291045_24000,OPCID_23,OPCID,NC_000913.3,1303045,1291045,1315045,group_0012,val,"[{""start"":1291045,""end"":1315045}]"
pos_1327875_24000,OPCID_24,OPCID,NC_000913.3,1339875,1327875,1351875,group_0013,train,"[{""start"":1327875,""end"":1351875}]"
pos_1341900_24000,OPCID_25,OPCID,NC_000913.3,1353900,1341900,1365900,group_0013,train,"[{""start"":1341900,""end"":1365900}]"
pos_1655485_24000,OPCID_26,OPCID,NC_000913.3,1667485,1655485,1679485,group_0014,test,"[{""start"":1655485,""end"":1679485}]"
pos_1688815_24000,OPCID_27,OPCID,NC_000913.3,1700815,1688815,1712815,group_0015,test,"[{""start"":1688815,""end"":1712815}]"
pos_1723455_24000,OPCID_28,OPCID,NC_000913.3,1735455,1723455,1747455,group_0016,train,"[{""start"":1723455,""end"":1747455}]"
pos_1732300_24000,OPCID_29,OPCID,NC_000913.3,1744300,1732300,1756300,group_0016,train,"[{""start"":1732300,""end"":1756300}]"
pos_1788875_24000,OPCID_30,OPCID,NC_000913.3,1800875,1788875,1812875,group_0017,test,"[{""start"":1788875,""end"":1812875}]"
pos_2131430_24000,OPCID_31,OPCID,NC_000913.3,2143430,2131430,2155430,group_0018,val,"[{""start"":2131430,""end"":2155430}]"
pos_2201470_24000,OPCID_32,OPCID,NC_000913.3,2213470,2201470,2225470,group_0019,train,"[{""start"":2201470,""end"":2225470}]"
pos_2249500_24000,OPCID_33,OPCID,NC_000913.3,2261500,2249500,2273500,group_0019,train,"[{""start"":2249500,""end"":2273500}]"
pos_2379205_24000,OPCID_34,OPCID,NC_000913.3,2391205,2379205,2403205,group_0020,val,"[{""start"":2379205,""end"":2403205}]"
pos_2383285_24000,OPCID_35,OPCID,NC_000913.3,2395285,2383285,2407285,group_0020,val,"[{""start"":2383285,""end"":2407285}]"
pos_2429140_24000,OPCID_36,OPCID,NC_000913.3,2441140,2429140,2453140,group_0021,train,"[{""start"":2429140,""end"":2453140}]"
pos_2518925_24000,OPCID_37,OPCID,NC_000913.3,2530925,2518925,2542925,group_0022,train,"[{""start"":2518925,""end"":2542925}]"
pos_2522700_24000,OPCID_38,OPCID,NC_000913.3,2534700,2522700,2546700,group_0022,train,"[{""start"":2522700,""end"":2546700}]"
pos_2531875_24000,OPCID_39,OPCID,NC_000913.3,2543875,2531875,2555875,group_0022,train,"[{""start"":2531875,""end"":2555875}]"
pos_2552415_24000,OPCID_40,OPCID,NC_000913.3,2564415,2552415,2576415,group_0022,train,"[{""start"":2552415,""end"":2576415}]"
pos_2628260_24000,OPCID_41,OPCID,NC_000913.3,2640260,2628260,2652260,group_0023,train,"[{""start"":2628260,""end"":2652260}]"
pos_2638405_24000,OPCID_42,OPCID,NC_000913.3,2650405,2638405,2662405,group_0023,train,"[{""start"":2638405,""end"":2662405}]"
pos_2650635_24000,OPCID_43,OPCID,NC_000913.3,2662635,2650635,2674635,group_0023,train,"[{""start"":2650635,""end"":2674635}]"
pos_2675760_24000,OPCID_44,OPCID,NC_000913.3,2687760,2675760,2699760,group_0024,val,"[{""start"":2675760,""end"":2699760}]"
pos_2697400_24000,OPCID_45,OPCID,NC_000913.3,2709400,2697400,2721400,group_0024,val,"[{""start"":2697400,""end"":2721400}]"
pos_2856480_24000,OPCID_46,OPCID,NC_000913.3,2868480,2856480,2880480,group_0025,train,"[{""start"":2856480,""end"":2880480}]"
pos_2907995_24000,OPCID_47,OPCID,NC_000913.3,2919995,2907995,2931995,group_0025,train,"[{""start"":2907995,""end"":2931995}]"
pos_2929115_24000,OPCID_48,OPCID,NC_000913.3,2941115,2929115,2953115,group_0025,train,"[{""start"":2929115,""end"":2953115}]"
pos_2954770_24000,OPCID_49,OPCID,NC_000913.3,2966770,2954770,2978770,group_0026,train,"[{""start"":2954770,""end"":2978770}]"
pos_3002260_24000,OPCID_50,OPCID,NC_000913.3,3014260,3002260,3026260,group_0026,train,"[{""start"":3002260,""end"":3026260}]"
pos_3029670_24000,OPCID_51,OPCID,NC_000913.3,3041670,3029670,3053670,group_0027,train,"[{""start"":3029670,""end"":3053670}]"
pos_3036625_24000,OPCID_52,OPCID,NC_000913.3,3048625,3036625,3060625,group_0027,train,"[{""start"":3036625,""end"":3060625}]"
pos_3262080_24000,OPCID_53,OPCID,NC_000913.3,3274080,3262080,3286080,group_0028,train,"[{""start"":3262080,""end"":3286080}]"
pos_3368450_24000,OPCID_54,OPCID,NC_000913.3,3380450,3368450,3392450,group_0029,train,"[{""start"":3368450,""end"":3392450}]"
pos_3432155_24000,OPCID_55,OPCID,NC_000913.3,3444155,3432155,3456155,group_0030,train,"[{""start"":3432155,""end"":3456155}]"
pos_3538190_24000,OPCID_56,OPCID,NC_000913.3,3550190,3538190,3562190,group_0031,train,"[{""start"":3538190,""end"":3562190}]"
pos_3542600_24000,OPCID_57,OPCID,NC_000913.3,3554600,3542600,3566600,group_0031,train,"[{""start"":3542600,""end"":3566600}]"
pos_3628905_24000,OPCID_58,OPCID,NC_000913.3,3640905,3628905,3652905,group_0032,train,"[{""start"":3628905,""end"":3652905}]"
pos_3725655_24000,OPCID_59,OPCID,NC_000913.3,3737655,3725655,3749655,group_0033,train,"[{""start"":3725655,""end"":3749655}]"
pos_3854740_24000,OPCID_60,OPCID,NC_000913.3,3866740,3854740,3878740,group_0034,test,"[{""start"":3854740,""end"":3878740}]"
pos_3907190_24000,OPCID_61,OPCID,NC_000913.3,3919190,3907190,3931190,group_0035,val,"[{""start"":3907190,""end"":3931190}]"
pos_3982520_24000,OPCID_62,OPCID,NC_000913.3,3994520,3982520,4006520,group_0036,train,"[{""start"":3982520,""end"":4006520}]"
pos_4009825_24000,OPCID_63,OPCID,NC_000913.3,4021825,4009825,4033825,group_0037,train,"[{""start"":4009825,""end"":4033825}]"
pos_4105900_24000,OPCID_64,OPCID,NC_000913.3,4117900,4105900,4129900,group_0038,train,"[{""start"":4105900,""end"":4129900}]"
pos_4244135_24000,OPCID_65,OPCID,NC_000913.3,4256135,4244135,4268135,group_0039,train,"[{""start"":4244135,""end"":4268135}]"
pos_4267295_24000,OPCID_66,OPCID,NC_000913.3,4279295,4267295,4291295,group_0039,train,"[{""start"":4267295,""end"":4291295}]"
pos_4472420_24000,OPCID_67,OPCID,NC_000913.3,4484420,4472420,4496420,group_0040,train,"[{""start"":4472420,""end"":4496420}]"
pos_4573100_24000,OPCID_68,OPCID,NC_000913.3,4585100,4573100,4597100,group_0040,train,"[{""start"":4573100,""end"":4597100}]"
pos_0046840_24000,CHIN_1,CHIN,NC_000913.3,58840,46840,70840,group_0001,test,"[{""start"":46840,""end"":70840}]"
pos_0072660_24000,CHIN_2,CHIN,NC_000913.3,84660,72660,96660,group_0002,train,"[{""start"":72660,""end"":96660}]"
pos_0139330_24000,CHIN_3,CHIN,NC_000913.3,151330,139330,163330,group_0003,test,"[{""start"":139330,""end"":163330}]"
pos_0139800_24000,CHIN_4,CHIN,NC_000913.3,151800,139800,163800,group_0003,test,"[{""start"":139800,""end"":163800}]"
pos_0140340_24000,CHIN_5,CHIN,NC_000913.3,152340,140340,164340,group_0003,test,"[{""start"":140340,""end"":164340}]"
pos_0142620_24000,CHIN_6,CHIN,NC_000913.3,154620,142620,166620,group_0003,test,"[{""start"":142620,""end"":166620}]"
pos_0144730_24000,CHIN_7,CHIN,NC_000913.3,156730,144730,168730,group_0003,test,"[{""start"":144730,""end"":168730}]"
pos_0168380_24000,CHIN_8,CHIN,NC_000913.3,180380,168380,192380,group_0003,test,"[{""start"":168380,""end"":192380}]"
pos_0225970_24000,CHIN_9,CHIN,NC_000913.3,237970,225970,249970,group_0004,train,"[{""start"":225970,""end"":249970}]"
pos_0241060_24000,CHIN_10,CHIN,NC_000913.3,253060,241060,265060,group_0004,train,"[{""start"":241060,""end"":265060}]"
pos_0244400_24000,CHIN_11,CHIN,NC_000913.3,256400,244400,268400,group_0004,train,"[{""start"":244400,""end"":268400}]"
pos_0247590_24000,CHIN_12,CHIN,NC_000913.3,259590,247590,271590,group_0004,train,"[{""start"":247590,""end"":271590}]"
pos_0250940_24000,CHIN_13,CHIN,NC_000913.3,262940,250940,274940,group_0004,train,"[{""start"":250940,""end"":274940}]"
pos_0281940_24000,CHIN_14,CHIN,NC_000913.3,293940,281940,305940,group_0005,train,"[{""start"":281940,""end"":305940}]"
pos_0283670_24000,CHIN_15,CHIN,NC_000913.3,295670,283670,307670,group_0005,train,"[{""start"":283670,""end"":307670}]"
pos_0285230_24000,CHIN_16,CHIN,NC_000913.3,297230,285230,309230,group_0005,train,"[{""start"":285230,""end"":309230}]"
pos_0291370_24000,CHIN_17,CHIN,NC_000913.3,303370,291370,315370,group_0005,train,"[{""start"":291370,""end"":315370}]"
pos_0301510_24000,CHIN_18,CHIN,NC_000913.3,313510,301510,325510,group_0005,train,"[{""start"":301510,""end"":325510}]"
pos_0307130_24000,CHIN_19,CHIN,NC_000913.3,319130,307130,331130,group_0005,train,"[{""start"":307130,""end"":331130}]"
pos_0324060_24000,CHIN_20,CHIN,NC_000913.3,336060,324060,348060,group_0005,train,"[{""start"":324060,""end"":348060}]"
pos_0332510_24000,CHIN_21,CHIN,NC_000913.3,344510,332510,356510,group_0005,train,"[{""start"":332510,""end"":356510}]"
pos_0420280_24000,CHIN_22,CHIN,NC_000913.3,432280,420280,444280,group_0006,train,"[{""start"":420280,""end"":444280}]"
pos_0468640_24000,CHIN_23,CHIN,NC_000913.3,480640,468640,492640,group_0041,train,"[{""start"":468640,""end"":492640}]"
pos_0504310_24000,CHIN_24,CHIN,NC_000913.3,516310,504310,528310,group_0042,val,"[{""start"":504310,""end"":528310}]"
pos_0516090_24000,CHIN_25,CHIN,NC_000913.3,528090,516090,540090,group_0042,val,"[{""start"":516090,""end"":540090}]"
pos_0525030_24000,CHIN_26,CHIN,NC_000913.3,537030,525030,549030,group_0042,val,"[{""start"":525030,""end"":549030}]"
pos_0526330_24000,CHIN_27,CHIN,NC_000913.3,538330,526330,550330,group_0042,val,"[{""start"":526330,""end"":550330}]"
pos_0533940_24000,CHIN_28,CHIN,NC_000913.3,545940,533940,557940,group_0042,val,"[{""start"":533940,""end"":557940}]"
pos_0547250_24000,CHIN_29,CHIN,NC_000913.3,559250,547250,571250,group_0042,val,"[{""start"":547250,""end"":571250}]"
pos_0547700_24000,CHIN_30,CHIN,NC_000913.3,559700,547700,571700,group_0042,val,"[{""start"":547700,""end"":571700}]"
pos_0551390_24000,CHIN_31,CHIN,NC_000913.3,563390,551390,575390,group_0042,val,"[{""start"":551390,""end"":575390}]"
pos_0554470_24000,CHIN_32,CHIN,NC_000913.3,566470,554470,578470,group_0042,val,"[{""start"":554470,""end"":578470}]"
pos_0557490_24000,CHIN_33,CHIN,NC_000913.3,569490,557490,581490,group_0042,val,"[{""start"":557490,""end"":581490}]"
pos_0558950_24000,CHIN_34,CHIN,NC_000913.3,570950,558950,582950,group_0042,val,"[{""start"":558950,""end"":582950}]"
pos_0559570_24000,CHIN_35,CHIN,NC_000913.3,571570,559570,583570,group_0042,val,"[{""start"":559570,""end"":583570}]"
pos_0572340_24000,CHIN_36,CHIN,NC_000913.3,584340,572340,596340,group_0042,val,"[{""start"":572340,""end"":596340}]"
pos_0606620_24000,CHIN_37,CHIN,NC_000913.3,618620,606620,630620,group_0007,test,"[{""start"":606620,""end"":630620}]"
pos_0625220_24000,CHIN_38,CHIN,NC_000913.3,637220,625220,649220,group_0007,test,"[{""start"":625220,""end"":649220}]"
pos_0644290_24000,CHIN_39,CHIN,NC_000913.3,656290,644290,668290,group_0007,test,"[{""start"":644290,""end"":668290}]"
pos_0649540_24000,CHIN_40,CHIN,NC_000913.3,661540,649540,673540,group_0007,test,"[{""start"":649540,""end"":673540}]"
pos_0664920_24000,CHIN_41,CHIN,NC_000913.3,676920,664920,688920,group_0007,test,"[{""start"":664920,""end"":688920}]"
pos_0666270_24000,CHIN_42,CHIN,NC_000913.3,678270,666270,690270,group_0007,test,"[{""start"":666270,""end"":690270}]"
pos_0704370_24000,CHIN_43,CHIN,NC_000913.3,716370,704370,728370,group_0008,val,"[{""start"":704370,""end"":728370}]"
pos_0708720_24000,CHIN_44,CHIN,NC_000913.3,720720,708720,732720,group_0008,val,"[{""start"":708720,""end"":732720}]"
pos_0722700_24000,CHIN_45,CHIN,NC_000913.3,734700,722700,746700,group_0008,val,"[{""start"":722700,""end"":746700}]"
pos_0725380_24000,CHIN_46,CHIN,NC_000913.3,737380,725380,749380,group_0008,val,"[{""start"":725380,""end"":749380}]"
pos_0736820_24000,CHIN_47,CHIN,NC_000913.3,748820,736820,760820,group_0008,val,"[{""start"":736820,""end"":760820}]"
pos_0740470_24000,CHIN_48,CHIN,NC_000913.3,752470,740470,764470,group_0008,val,"[{""start"":740470,""end"":764470}]"
pos_0789100_24000,CHIN_49,CHIN,NC_000913.3,801100,789100,813100,group_0043,train,"[{""start"":789100,""end"":813100}]"
pos_0809020_24000,CHIN_50,CHIN,NC_000913.3,821020,809020,833020,group_0043,train,"[{""start"":809020,""end"":833020}]"
pos_0862680_24000,CHIN_51,CHIN,NC_000913.3,874680,862680,886680,group_0044,train,"[{""start"":862680,""end"":886680}]"
pos_0986190_24000,CHIN_52,CHIN,NC_000913.3,998190,986190,1010190,group_0045,train,"[{""start"":986190,""end"":1010190}]"
pos_0987020_24000,CHIN_53,CHIN,NC_000913.3,999020,987020,1011020,group_0045,train,"[{""start"":987020,""end"":1011020}]"
pos_1038110_24000,CHIN_54,CHIN,NC_000913.3,1050110,1038110,1062110,group_0010,train,"[{""start"":1038110,""end"":1062110}]"
pos_1039660_24000,CHIN_55,CHIN,NC_000913.3,1051660,1039660,1063660,group_0010,train,"[{""start"":1039660,""end"":1063660}]"
pos_1052940_24000,CHIN_56,CHIN,NC_000913.3,1064940,1052940,1076940,group_0010,train,"[{""start"":1052940,""end"":1076940}]"
pos_1075640_24000,CHIN_57,CHIN,NC_000913.3,1087640,1075640,1099640,group_0010,train,"[{""start"":1075640,""end"":1099640}]"
pos_1076450_24000,CHIN_58,CHIN,NC_000913.3,1088450,1076450,1100450,group_0010,train,"[{""start"":1076450,""end"":1100450}]"
pos_1078080_24000,CHIN_59,CHIN,NC_000913.3,1090080,1078080,1102080,group_0010,train,"[{""start"":1078080,""end"":1102080}]"
pos_1080530_24000,CHIN_60,CHIN,NC_000913.3,1092530,1080530,1104530,group_0010,train,"[{""start"":1080530,""end"":1104530}]"
pos_1082720_24000,CHIN_61,CHIN,NC_000913.3,1094720,1082720,1106720,group_0010,train,"[{""start"":1082720,""end"":1106720}]"
pos_1090680_24000,CHIN_62,CHIN,NC_000913.3,1102680,1090680,1114680,group_0010,train,"[{""start"":1090680,""end"":1114680}]"
pos_1092700_24000,CHIN_63,CHIN,NC_000913.3,1104700,1092700,1116700,group_0010,train,"[{""start"":1092700,""end"":1116700}]"
pos_1106630_24000,CHIN_64,CHIN,NC_000913.3,1118630,1106630,1130630,group_0010,train,"[{""start"":1106630,""end"":1130630}]"
pos_1108190_24000,CHIN_65,CHIN,NC_000913.3,1120190,1108190,1132190,group_0010,train,"[{""start"":1108190,""end"":1132190}]"
pos_1169130_24000,CHIN_66,CHIN,NC_000913.3,1181130,1169130,1193130,group_0011,train,"[{""start"":1169130,""end"":1193130}]"
pos_1186500_24000,CHIN_67,CHIN,NC_000913.3,1198500,1186500,1210500,group_0011,train,"[{""start"":1186500,""end"":1210500}]"
pos_1186940_24000,CHIN_68,CHIN,NC_000913.3,1198940,1186940,1210940,group_0011,train,"[{""start"":1186940,""end"":1210940}]"
pos_1190600_24000,CHIN_69,CHIN,NC_000913.3,1202600,1190600,1214600,group_0011,train,"[{""start"":1190600,""end"":1214600}]"
pos_1199390_24000,CHIN_70,CHIN,NC_000913.3,1211390,1199390,1223390,group_0011,train,"[{""start"":1199390,""end"":1223390}]"
pos_1203720_24000,CHIN_71,CHIN,NC_000913.3,1215720,1203720,1227720,group_0011,train,"[{""start"":1203720,""end"":1227720}]"
pos_1205410_24000,CHIN_72,CHIN,NC_000913.3,1217410,1205410,1229410,group_0011,train,"[{""start"":1205410,""end"":1229410}]"
pos_1206490_24000,CHIN_73,CHIN,NC_000913.3,1218490,1206490,1230490,group_0011,train,"[{""start"":1206490,""end"":1230490}]"
pos_1207170_24000,CHIN_74,CHIN,NC_000913.3,1219170,1207170,1231170,group_0011,train,"[{""start"":1207170,""end"":1231170}]"
pos_1208140_24000,CHIN_75,CHIN,NC_000913.3,1220140,1208140,1232140,group_0011,train,"[{""start"":1208140,""end"":1232140}]"
pos_1217860_24000,CHIN_76,CHIN,NC_000913.3,1229860,1217860,1241860,group_0011,train,"[{""start"":1217860,""end"":1241860}]"
pos_1303530_24000,CHIN_77,CHIN,NC_000913.3,1315530,1303530,1327530,group_0012,val,"[{""start"":1303530,""end"":1327530}]"
pos_1359090_24000,CHIN_78,CHIN,NC_000913.3,1371090,1359090,1383090,group_0013,train,"[{""start"":1359090,""end"":1383090}]"
pos_1370580_24000,CHIN_79,CHIN,NC_000913.3,1382580,1370580,1394580,group_0013,train,"[{""start"":1370580,""end"":1394580}]"
pos_1383060_24000,CHIN_80,CHIN,NC_000913.3,1395060,1383060,1407060,group_0013,train,"[{""start"":1383060,""end"":1407060}]"
pos_1399910_24000,CHIN_81,CHIN,NC_000913.3,1411910,1399910,1423910,group_0013,train,"[{""start"":1399910,""end"":1423910}]"
pos_1401340_24000,CHIN_82,CHIN,NC_000913.3,1413340,1401340,1425340,group_0013,train,"[{""start"":1401340,""end"":1425340}]"
pos_1406360_24000,CHIN_83,CHIN,NC_000913.3,1418360,1406360,1430360,group_0013,train,"[{""start"":1406360,""end"":1430360}]"
pos_1408000_24000,CHIN_84,CHIN,NC_000913.3,1420000,1408000,1432000,group_0013,train,"[{""start"":1408000,""end"":1432000}]"
pos_1464340_24000,CHIN_85,CHIN,NC_000913.3,1476340,1464340,1488340,group_0046,train,"[{""start"":1464340,""end"":1488340}]"
pos_1465500_24000,CHIN_86,CHIN,NC_000913.3,1477500,1465500,1489500,group_0046,train,"[{""start"":1465500,""end"":1489500}]"
pos_1508650_24000,CHIN_87,CHIN,NC_000913.3,1520650,1508650,1532650,group_0014,test,"[{""start"":1508650,""end"":1532650}]"
pos_1516670_24000,CHIN_88,CHIN,NC_000913.3,1528670,1516670,1540670,group_0014,test,"[{""start"":1516670,""end"":1540670}]"
pos_1519080_24000,CHIN_89,CHIN,NC_000913.3,1531080,1519080,1543080,group_0014,test,"[{""start"":1519080,""end"":1543080}]"
pos_1554940_24000,CHIN_90,CHIN,NC_000913.3,1566940,1554940,1578940,group_0014,test,"[{""start"":1554940,""end"":1578940}]"
pos_1564120_24000,CHIN_91,CHIN,NC_000913.3,1576120,1564120,1588120,group_0014,test,"[{""start"":1564120,""end"":1588120}]"
pos_1567440_24000,CHIN_92,CHIN,NC_000913.3,1579440,1567440,1591440,group_0014,test,"[{""start"":1567440,""end"":1591440}]"
pos_1570740_24000,CHIN_93,CHIN,NC_000913.3,1582740,1570740,1594740,group_0014,test,"[{""start"":1570740,""end"":1594740}]"
pos_1576270_24000,CHIN_94,CHIN,NC_000913.3,1588270,1576270,1600270,group_0014,test,"[{""start"":1576270,""end"":1600270}]"
pos_1585450_24000,CHIN_95,CHIN,NC_000913.3,1597450,1585450,1609450,group_0014,test,"[{""start"":1585450,""end"":1609450}]"
pos_1604220_24000,CHIN_96,CHIN,NC_000913.3,1616220,1604220,1628220,group_0014,test,"[{""start"":1604220,""end"":1628220}]"
pos_1619780_24000,CHIN_97,CHIN,NC_000913.3,1631780,1619780,1643780,group_0014,test,"[{""start"":1619780,""end"":1643780}]"
pos_1626030_24000,CHIN_98,CHIN,NC_000913.3,1638030,1626030,1650030,group_0014,test,"[{""start"":1626030,""end"":1650030}]"
pos_1636130_24000,CHIN_99,CHIN,NC_000913.3,1648130,1636130,1660130,group_0014,test,"[{""start"":1636130,""end"":1660130}]"
pos_1742330_24000,CHIN_100,CHIN,NC_000913.3,1754330,1742330,1766330,group_0016,train,"[{""start"":1742330,""end"":1766330}]"
pos_1760920_24000,CHIN_101,CHIN,NC_000913.3,1772920,1760920,1784920,group_0016,train,"[{""start"":1760920,""end"":1784920}]"
pos_1764220_24000,CHIN_102,CHIN,NC_000913.3,1776220,1764220,1788220,group_0016,train,"[{""start"":1764220,""end"":1788220}]"
pos_1791960_24000,CHIN_103,CHIN,NC_000913.3,1803960,1791960,1815960,group_0017,test,"[{""start"":1791960,""end"":1815960}]"
pos_1832500_24000,CHIN_104,CHIN,NC_000913.3,1844500,1832500,1856500,group_0047,train,"[{""start"":1832500,""end"":1856500}]"
pos_1841600_24000,CHIN_105,CHIN,NC_000913.3,1853600,1841600,1865600,group_0047,train,"[{""start"":1841600,""end"":1865600}]"
pos_1845300_24000,CHIN_106,CHIN,NC_000913.3,1857300,1845300,1869300,group_0047,train,"[{""start"":1845300,""end"":1869300}]"
pos_1858970_24000,CHIN_107,CHIN,NC_000913.3,1870970,1858970,1882970,group_0047,train,"[{""start"":1858970,""end"":1882970}]"
pos_1859900_24000,CHIN_108,CHIN,NC_000913.3,1871900,1859900,1883900,group_0047,train,"[{""start"":1859900,""end"":1883900}]"
pos_1999690_24000,CHIN_109,CHIN,NC_000913.3,2011690,1999690,2023690,group_0048,test,"[{""start"":1999690,""end"":2023690}]"
pos_2012070_24000,CHIN_110,CHIN,NC_000913.3,2024070,2012070,2036070,group_0048,test,"[{""start"":2012070,""end"":2036070}]"
pos_2024560_24000,CHIN_111,CHIN,NC_000913.3,2036560,2024560,2048560,group_0048,test,"[{""start"":2024560,""end"":2048560}]"
pos_2040880_24000,CHIN_112,CHIN,NC_000913.3,2052880,2040880,2064880,group_0048,test,"[{""start"":2040880,""end"":2064880}]"
pos_2045090_24000,CHIN_113,CHIN,NC_000913.3,2057090,2045090,2069090,group_0048,test,"[{""start"":2045090,""end"":2069090}]"
pos_2091680_24000,CHIN_114,CHIN,NC_000913.3,2103680,2091680,2115680,group_0018,val,"[{""start"":2091680,""end"":2115680}]"
pos_2092430_24000,CHIN_115,CHIN,NC_000913.3,2104430,2092430,2116430,group_0018,val,"[{""start"":2092430,""end"":2116430}]"
pos_2092690_24000,CHIN_116,CHIN,NC_000913.3,2104690,2092690,2116690,group_0018,val,"[{""start"":2092690,""end"":2116690}]"
pos_2093690_24000,CHIN_117,CHIN,NC_000913.3,2105690,2093690,2117690,group_0018,val,"[{""start"":2093690,""end"":2117690}]"
pos_2094520_24000,CHIN_118,CHIN,NC_000913.3,2106520,2094520,2118520,group_0018,val,"[{""start"":2094520,""end"":2118520}]"
pos_2094930_24000,CHIN_119,CHIN,NC_000913.3,2106930,2094930,2118930,group_0018,val,"[{""start"":2094930,""end"":2118930}]"
pos_2095810_24000,CHIN_120,CHIN,NC_000913.3,2107810,2095810,2119810,group_0018,val,"[{""start"":2095810,""end"":2119810}]"
pos_2097850_24000,CHIN_121,CHIN,NC_000913.3,2109850,2097850,2121850,group_0018,val,"[{""start"":2097850,""end"":2121850}]"
pos_2102690_24000,CHIN_122,CHIN,NC_000913.3,2114690,2102690,2126690,group_0018,val,"[{""start"":2102690,""end"":2126690}]"
pos_2117530_24000,CHIN_123,CHIN,NC_000913.3,2129530,2117530,2141530,group_0018,val,"[{""start"":2117530,""end"":2141530}]"
pos_2156950_24000,CHIN_124,CHIN,NC_000913.3,2168950,2156950,2180950,group_0019,train,"[{""start"":2156950,""end"":2180950}]"
pos_2159360_24000,CHIN_125,CHIN,NC_000913.3,2171360,2159360,2183360,group_0019,train,"[{""start"":2159360,""end"":2183360}]"
pos_2161660_24000,CHIN_126,CHIN,NC_000913.3,2173660,2161660,2185660,group_0019,train,"[{""start"":2161660,""end"":2185660}]"
pos_2167170_24000,CHIN_127,CHIN,NC_000913.3,2179170,2167170,2191170,group_0019,train,"[{""start"":2167170,""end"":2191170}]"
pos_2176070_24000,CHIN_128,CHIN,NC_000913.3,2188070,2176070,2200070,group_0019,train,"[{""start"":2176070,""end"":2200070}]"
pos_2176940_24000,CHIN_129,CHIN,NC_000913.3,2188940,2176940,2200940,group_0019,train,"[{""start"":2176940,""end"":2200940}]"
pos_2178070_24000,CHIN_130,CHIN,NC_000913.3,2190070,2178070,2202070,group_0019,train,"[{""start"":2178070,""end"":2202070}]"
pos_2179390_24000,CHIN_131,CHIN,NC_000913.3,2191390,2179390,2203390,group_0019,train,"[{""start"":2179390,""end"":2203390}]"
pos_2221620_24000,CHIN_132,CHIN,NC_000913.3,2233620,2221620,2245620,group_0019,train,"[{""start"":2221620,""end"":2245620}]"
pos_2226520_24000,CHIN_133,CHIN,NC_000913.3,2238520,2226520,2250520,group_0019,train,"[{""start"":2226520,""end"":2250520}]"
pos_2243470_24000,CHIN_134,CHIN,NC_000913.3,2255470,2243470,2267470,group_0019,train,"[{""start"":2243470,""end"":2267470}]"
pos_2246650_24000,CHIN_135,CHIN,NC_000913.3,2258650,2246650,2270650,group_0019,train,"[{""start"":2246650,""end"":2270650}]"
pos_2332010_24000,CHIN_136,CHIN,NC_000913.3,2344010,2332010,2356010,group_0049,train,"[{""start"":2332010,""end"":2356010}]"
pos_2372140_24000,CHIN_137,CHIN,NC_000913.3,2384140,2372140,2396140,group_0020,val,"[{""start"":2372140,""end"":2396140}]"
pos_2374390_24000,CHIN_138,CHIN,NC_000913.3,2386390,2374390,2398390,group_0020,val,"[{""start"":2374390,""end"":2398390}]"
pos_2375300_24000,CHIN_139,CHIN,NC_000913.3,2387300,2375300,2399300,group_0020,val,"[{""start"":2375300,""end"":2399300}]"
pos_2443490_24000,CHIN_140,CHIN,NC_000913.3,2455490,2443490,2467490,group_0021,train,"[{""start"":2443490,""end"":2467490}]"
pos_2451480_24000,CHIN_141,CHIN,NC_000913.3,2463480,2451480,2475480,group_0021,train,"[{""start"":2451480,""end"":2475480}]"
pos_2470340_24000,CHIN_142,CHIN,NC_000913.3,2482340,2470340,2494340,group_0021,train,"[{""start"":2470340,""end"":2494340}]"
pos_2471880_24000,CHIN_143,CHIN,NC_000913.3,2483880,2471880,2495880,group_0021,train,"[{""start"":2471880,""end"":2495880}]"
pos_2472510_24000,CHIN_144,CHIN,NC_000913.3,2484510,2472510,2496510,group_0021,train,"[{""start"":2472510,""end"":2496510}]"
pos_2474740_24000,CHIN_145,CHIN,NC_000913.3,2486740,2474740,2498740,group_0021,train,"[{""start"":2474740,""end"":2498740}]"
pos_2477490_24000,CHIN_146,CHIN,NC_000913.3,2489490,2477490,2501490,group_0021,train,"[{""start"":2477490,""end"":2501490}]"
pos_2480890_24000,CHIN_147,CHIN,NC_000913.3,2492890,2480890,2504890,group_0021,train,"[{""start"":2480890,""end"":2504890}]"
pos_2617410_24000,CHIN_148,CHIN,NC_000913.3,2629410,2617410,2641410,group_0023,train,"[{""start"":2617410,""end"":2641410}]"
pos_2641750_24000,CHIN_149,CHIN,NC_000913.3,2653750,2641750,2665750,group_0023,train,"[{""start"":2641750,""end"":2665750}]"
pos_2688290_24000,CHIN_150,CHIN,NC_000913.3,2700290,2688290,2712290,group_0024,val,"[{""start"":2688290,""end"":2712290}]"
pos_2746590_24000,CHIN_151,CHIN,NC_000913.3,2758590,2746590,2770590,group_0050,train,"[{""start"":2746590,""end"":2770590}]"
pos_2747520_24000,CHIN_152,CHIN,NC_000913.3,2759520,2747520,2771520,group_0050,train,"[{""start"":2747520,""end"":2771520}]"
pos_2762270_24000,CHIN_153,CHIN,NC_000913.3,2774270,2762270,2786270,group_0050,train,"[{""start"":2762270,""end"":2786270}]"
pos_2771470_24000,CHIN_154,CHIN,NC_000913.3,2783470,2771470,2795470,group_0050,train,"[{""start"":2771470,""end"":2795470}]"
pos_2773360_24000,CHIN_155,CHIN,NC_000913.3,2785360,2773360,2797360,group_0050,train,"[{""start"":2773360,""end"":2797360}]"
pos_2774760_24000,CHIN_156,CHIN,NC_000913.3,2786760,2774760,2798760,group_0050,train,"[{""start"":2774760,""end"":2798760}]"
pos_2776030_24000,CHIN_157,CHIN,NC_000913.3,2788030,2776030,2800030,group_0050,train,"[{""start"":2776030,""end"":2800030}]"
pos_2786070_24000,CHIN_158,CHIN,NC_000913.3,2798070,2786070,2810070,group_0050,train,"[{""start"":2786070,""end"":2810070}]"
pos_2793050_24000,CHIN_159,CHIN,NC_000913.3,2805050,2793050,2817050,group_0050,train,"[{""start"":2793050,""end"":2817050}]"
pos_2871680_24000,CHIN_160,CHIN,NC_000913.3,2883680,2871680,2895680,group_0025,train,"[{""start"":2871680,""end"":2895680}]"
pos_2888070_24000,CHIN_161,CHIN,NC_000913.3,2900070,2888070,2912070,group_0025,train,"[{""start"":2888070,""end"":2912070}]"
pos_2892980_24000,CHIN_162,CHIN,NC_000913.3,2904980,2892980,2916980,group_0025,train,"[{""start"":2892980,""end"":2916980}]"
pos_2922180_24000,CHIN_163,CHIN,NC_000913.3,2934180,2922180,2946180,group_0025,train,"[{""start"":2922180,""end"":2946180}]"
pos_2975170_24000,CHIN_164,CHIN,NC_000913.3,2987170,2975170,2999170,group_0026,train,"[{""start"":2975170,""end"":2999170}]"
pos_2976580_24000,CHIN_165,CHIN,NC_000913.3,2988580,2976580,3000580,group_0026,train,"[{""start"":2976580,""end"":3000580}]"
pos_2979880_24000,CHIN_166,CHIN,NC_000913.3,2991880,2979880,3003880,group_0026,train,"[{""start"":2979880,""end"":3003880}]"
pos_2983020_24000,CHIN_167,CHIN,NC_000913.3,2995020,2983020,3007020,group_0026,train,"[{""start"":2983020,""end"":3007020}]"
pos_2985100_24000,CHIN_168,CHIN,NC_000913.3,2997100,2985100,3009100,group_0026,train,"[{""start"":2985100,""end"":3009100}]"
pos_3042480_24000,CHIN_169,CHIN,NC_000913.3,3054480,3042480,3066480,group_0027,train,"[{""start"":3042480,""end"":3066480}]"
pos_3066170_24000,CHIN_170,CHIN,NC_000913.3,3078170,3066170,3090170,group_0027,train,"[{""start"":3066170,""end"":3090170}]"
pos_3174720_24000,CHIN_171,CHIN,NC_000913.3,3186720,3174720,3198720,group_0051,train,"[{""start"":3174720,""end"":3198720}]"
pos_3176270_24000,CHIN_172,CHIN,NC_000913.3,3188270,3176270,3200270,group_0051,train,"[{""start"":3176270,""end"":3200270}]"
pos_3177500_24000,CHIN_173,CHIN,NC_000913.3,3189500,3177500,3201500,group_0051,train,"[{""start"":3177500,""end"":3201500}]"
pos_3178360_24000,CHIN_174,CHIN,NC_000913.3,3190360,3178360,3202360,group_0051,train,"[{""start"":3178360,""end"":3202360}]"
pos_3179090_24000,CHIN_175,CHIN,NC_000913.3,3191090,3179090,3203090,group_0051,train,"[{""start"":3179090,""end"":3203090}]"
pos_3179820_24000,CHIN_176,CHIN,NC_000913.3,3191820,3179820,3203820,group_0051,train,"[{""start"":3179820,""end"":3203820}]"
pos_3194110_24000,CHIN_177,CHIN,NC_000913.3,3206110,3194110,3218110,group_0051,train,"[{""start"":3194110,""end"":3218110}]"
pos_3214940_24000,CHIN_178,CHIN,NC_000913.3,3226940,3214940,3238940,group_0051,train,"[{""start"":3214940,""end"":3238940}]"
pos_3250950_24000,CHIN_179,CHIN,NC_000913.3,3262950,3250950,3274950,group_0028,train,"[{""start"":3250950,""end"":3274950}]"
pos_3253690_24000,CHIN_180,CHIN,NC_000913.3,3265690,3253690,3277690,group_0028,train,"[{""start"":3253690,""end"":3277690}]"
pos_3256770_24000,CHIN_181,CHIN,NC_000913.3,3268770,3256770,3280770,group_0028,train,"[{""start"":3256770,""end"":3280770}]"
pos_3275930_24000,CHIN_182,CHIN,NC_000913.3,3287930,3275930,3299930,group_0028,train,"[{""start"":3275930,""end"":3299930}]"
pos_3309420_24000,CHIN_183,CHIN,NC_000913.3,3321420,3309420,3333420,group_0052,train,"[{""start"":3309420,""end"":3333420}]"
pos_3318530_24000,CHIN_184,CHIN,NC_000913.3,3330530,3318530,3342530,group_0052,train,"[{""start"":3318530,""end"":3342530}]"
pos_3349650_24000,CHIN_185,CHIN,NC_000913.3,3361650,3349650,3373650,group_0029,train,"[{""start"":3349650,""end"":3373650}]"
pos_3401370_24000,CHIN_186,CHIN,NC_000913.3,3413370,3401370,3425370,group_0053,val,"[{""start"":3401370,""end"":3425370}]"
pos_3570560_24000,CHIN_187,CHIN,NC_000913.3,3582560,3570560,3594560,group_0054,train,"[{""start"":3570560,""end"":3594560}]"
pos_3571870_24000,CHIN_188,CHIN,NC_000913.3,3583870,3571870,3595870,group_0054,train,"[{""start"":3571870,""end"":3595870}]"
pos_3620650_24000,CHIN_189,CHIN,NC_000913.3,3632650,3620650,3644650,group_0032,train,"[{""start"":3620650,""end"":3644650}]"
pos_3621070_24000,CHIN_190,CHIN,NC_000913.3,3633070,3621070,3645070,group_0032,train,"[{""start"":3621070,""end"":3645070}]"
pos_3621850_24000,CHIN_191,CHIN,NC_000913.3,3633850,3621850,3645850,group_0032,train,"[{""start"":3621850,""end"":3645850}]"
pos_3623140_24000,CHIN_192,CHIN,NC_000913.3,3635140,3623140,3647140,group_0032,train,"[{""start"":3623140,""end"":3647140}]"
pos_3640560_24000,CHIN_193,CHIN,NC_000913.3,3652560,3640560,3664560,group_0032,train,"[{""start"":3640560,""end"":3664560}]"
pos_3642320_24000,CHIN_194,CHIN,NC_000913.3,3654320,3642320,3666320,group_0032,train,"[{""start"":3642320,""end"":3666320}]"
pos_3644860_24000,CHIN_195,CHIN,NC_000913.3,3656860,3644860,3668860,group_0032,train,"[{""start"":3644860,""end"":3668860}]"
pos_3645730_24000,CHIN_196,CHIN,NC_000913.3,3657730,3645730,3669730,group_0032,train,"[{""start"":3645730,""end"":3669730}]"
pos_3653150_24000,CHIN_197,CHIN,NC_000913.3,3665150,3653150,3677150,group_0032,train,"[{""start"":3653150,""end"":3677150}]"
pos_3662500_24000,CHIN_198,CHIN,NC_000913.3,3674500,3662500,3686500,group_0032,train,"[{""start"":3662500,""end"":3686500}]"
pos_3709190_24000,CHIN_199,CHIN,NC_000913.3,3721190,3709190,3733190,group_0033,train,"[{""start"":3709190,""end"":3733190}]"
pos_3720070_24000,CHIN_200,CHIN,NC_000913.3,3732070,3720070,3744070,group_0033,train,"[{""start"":3720070,""end"":3744070}]"
pos_3733150_24000,CHIN_201,CHIN,NC_000913.3,3745150,3733150,3757150,group_0033,train,"[{""start"":3733150,""end"":3757150}]"
pos_3755270_24000,CHIN_202,CHIN,NC_000913.3,3767270,3755270,3779270,group_0033,train,"[{""start"":3755270,""end"":3779270}]"
pos_3756770_24000,CHIN_203,CHIN,NC_000913.3,3768770,3756770,3780770,group_0033,train,"[{""start"":3756770,""end"":3780770}]"
pos_3777700_24000,CHIN_204,CHIN,NC_000913.3,3789700,3777700,3801700,group_0033,train,"[{""start"":3777700,""end"":3801700}]"
pos_3786040_24000,CHIN_205,CHIN,NC_000913.3,3798040,3786040,3810040,group_0033,train,"[{""start"":3786040,""end"":3810040}]"
pos_3786440_24000,CHIN_206,CHIN,NC_000913.3,3798440,3786440,3810440,group_0033,train,"[{""start"":3786440,""end"":3810440}]"
pos_3787040_24000,CHIN_207,CHIN,NC_000913.3,3799040,3787040,3811040,group_0033,train,"[{""start"":3787040,""end"":3811040}]"
pos_3787880_24000,CHIN_208,CHIN,NC_000913.3,3799880,3787880,3811880,group_0033,train,"[{""start"":3787880,""end"":3811880}]"
pos_3788410_24000,CHIN_209,CHIN,NC_000913.3,3800410,3788410,3812410,group_0033,train,"[{""start"":3788410,""end"":3812410}]"
pos_3789660_24000,CHIN_210,CHIN,NC_000913.3,3801660,3789660,3813660,group_0033,train,"[{""start"":3789660,""end"":3813660}]"
pos_3790270_24000,CHIN_211,CHIN,NC_000913.3,3802270,3790270,3814270,group_0033,train,"[{""start"":3790270,""end"":3814270}]"
pos_3790530_24000,CHIN_212,CHIN,NC_000913.3,3802530,3790530,3814530,group_0033,train,"[{""start"":3790530,""end"":3814530}]"
pos_3791260_24000,CHIN_213,CHIN,NC_000913.3,3803260,3791260,3815260,group_0033,train,"[{""start"":3791260,""end"":3815260}]"
pos_3793550_24000,CHIN_214,CHIN,NC_000913.3,3805550,3793550,3817550,group_0033,train,"[{""start"":3793550,""end"":3817550}]"
pos_3793970_24000,CHIN_215,CHIN,NC_000913.3,3805970,3793970,3817970,group_0033,train,"[{""start"":3793970,""end"":3817970}]"
pos_3825400_24000,CHIN_216,CHIN,NC_000913.3,3837400,3825400,3849400,group_0034,test,"[{""start"":3825400,""end"":3849400}]"
pos_3831540_24000,CHIN_217,CHIN,NC_000913.3,3843540,3831540,3855540,group_0034,test,"[{""start"":3831540,""end"":3855540}]"
pos_3863460_24000,CHIN_218,CHIN,NC_000913.3,3875460,3863460,3887460,group_0034,test,"[{""start"":3863460,""end"":3887460}]"
pos_3889680_24000,CHIN_219,CHIN,NC_000913.3,3901680,3889680,3913680,group_0035,val,"[{""start"":3889680,""end"":3913680}]"
pos_3894250_24000,CHIN_220,CHIN,NC_000913.3,3906250,3894250,3918250,group_0035,val,"[{""start"":3894250,""end"":3918250}]"
pos_4051500_24000,CHIN_221,CHIN,NC_000913.3,4063500,4051500,4075500,group_0055,test,"[{""start"":4051500,""end"":4075500}]"
pos_4052210_24000,CHIN_222,CHIN,NC_000913.3,4064210,4052210,4076210,group_0055,test,"[{""start"":4052210,""end"":4076210}]"
pos_4052700_24000,CHIN_223,CHIN,NC_000913.3,4064700,4052700,4076700,group_0055,test,"[{""start"":4052700,""end"":4076700}]"
pos_4203460_24000,CHIN_224,CHIN,NC_000913.3,4215460,4203460,4227460,group_0056,train,"[{""start"":4203460,""end"":4227460}]"
pos_4209530_24000,CHIN_225,CHIN,NC_000913.3,4221530,4209530,4233530,group_0056,train,"[{""start"":4209530,""end"":4233530}]"
pos_4239440_24000,CHIN_226,CHIN,NC_000913.3,4251440,4239440,4263440,group_0039,train,"[{""start"":4239440,""end"":4263440}]"
pos_4248840_24000,CHIN_227,CHIN,NC_000913.3,4260840,4248840,4272840,group_0039,train,"[{""start"":4248840,""end"":4272840}]"
pos_4256770_24000,CHIN_228,CHIN,NC_000913.3,4268770,4256770,4280770,group_0039,train,"[{""start"":4256770,""end"":4280770}]"
pos_4270510_24000,CHIN_229,CHIN,NC_000913.3,4282510,4270510,4294510,group_0039,train,"[{""start"":4270510,""end"":4294510}]"
pos_4299440_24000,CHIN_230,CHIN,NC_000913.3,4311440,4299440,4323440,group_0057,train,"[{""start"":4299440,""end"":4323440}]"
pos_4325680_24000,CHIN_231,CHIN,NC_000913.3,4337680,4325680,4349680,group_0058,train,"[{""start"":4325680,""end"":4349680}]"
pos_4348290_24000,CHIN_232,CHIN,NC_000913.3,4360290,4348290,4372290,group_0058,train,"[{""start"":4348290,""end"":4372290}]"
pos_4372200_24000,CHIN_233,CHIN,NC_000913.3,4384200,4372200,4396200,group_0058,train,"[{""start"":4372200,""end"":4396200}]"
pos_4399230_24000,CHIN_234,CHIN,NC_000913.3,4411230,4399230,4423230,group_0059,train,"[{""start"":4399230,""end"":4423230}]"
pos_4415260_24000,CHIN_235,CHIN,NC_000913.3,4427260,4415260,4439260,group_0059,train,"[{""start"":4415260,""end"":4439260}]"
pos_4464270_24000,CHIN_236,CHIN,NC_000913.3,4476270,4464270,4488270,group_0040,train,"[{""start"":4464270,""end"":4488270}]"
pos_4468140_24000,CHIN_237,CHIN,NC_000913.3,4480140,4468140,4492140,group_0040,train,"[{""start"":4468140,""end"":4492140}]"
pos_4484440_24000,CHIN_238,CHIN,NC_000913.3,4496440,4484440,4508440,group_0040,train,"[{""start"":4484440,""end"":4508440}]"
pos_4492290_24000,CHIN_239,CHIN,NC_000913.3,4504290,4492290,4516290,group_0040,train,"[{""start"":4492290,""end"":4516290}]"
pos_4492570_24000,CHIN_240,CHIN,NC_000913.3,4504570,4492570,4516570,group_0040,train,"[{""start"":4492570,""end"":4516570}]"
pos_4513460_24000,CHIN_241,CHIN,NC_000913.3,4525460,4513460,4537460,group_0040,train,"[{""start"":4513460,""end"":4537460}]"
pos_4526600_24000,CHIN_242,CHIN,NC_000913.3,4538600,4526600,4550600,group_0040,train,"[{""start"":4526600,""end"":4550600}]"
pos_4528120_24000,CHIN_243,CHIN,NC_000913.3,4540120,4528120,4552120,group_0040,train,"[{""start"":4528120,""end"":4552120}]"
pos_4529500_24000,CHIN_244,CHIN,NC_000913.3,4541500,4529500,4553500,group_0040,train,"[{""start"":4529500,""end"":4553500}]"
pos_4533470_24000,CHIN_245,CHIN,NC_000913.3,4545470,4533470,4557470,group_0040,train,"[{""start"":4533470,""end"":4557470}]"
pos_4544010_24000,CHIN_246,CHIN,NC_000913.3,4556010,4544010,4568010,group_0040,train,"[{""start"":4544010,""end"":4568010}]"
pos_4566120_24000,CHIN_247,CHIN,NC_000913.3,4578120,4566120,4590120,group_0040,train,"[{""start"":4566120,""end"":4590120}]"
pos_4583370_24000,CHIN_248,CHIN,NC_000913.3,4595370,4583370,4607370,group_0040,train,"[{""start"":4583370,""end"":4607370}]"
pos_4591820_24000,CHIN_249,CHIN,NC_000913.3,4603820,4591820,4615820,group_0040,train,"[{""start"":4591820,""end"":4615820}]"
pos_4604940_24000,CHIN_250,CHIN,NC_000913.3,4616940,4604940,4628940,group_0040,train,"[{""start"":4604940,""end"":4628940}]"
pos_0141480_24000,CHID_1,CHID,NC_000913.3,153480,141480,165480,group_0003,test,"[{""start"":141480,""end"":165480}]"
pos_0303420_24000,CHID_2,CHID,NC_000913.3,315420,303420,327420,group_0005,train,"[{""start"":303420,""end"":327420}]"
pos_0553240_24000,CHID_3,CHID,NC_000913.3,565240,553240,577240,group_0042,val,"[{""start"":553240,""end"":577240}]"
pos_0568050_24000,CHID_4,CHID,NC_000913.3,580050,568050,592050,group_0042,val,"[{""start"":568050,""end"":592050}]"
pos_0862750_24000,CHID_5,CHID,NC_000913.3,874750,862750,886750,group_0044,train,"[{""start"":862750,""end"":886750}]"
pos_1083100_24000,CHID_6,CHID,NC_000913.3,1095100,1083100,1107100,group_0010,train,"[{""start"":1083100,""end"":1107100}]"
pos_1202445_24000,CHID_7,CHID,NC_000913.3,1214445,1202445,1226445,group_0011,train,"[{""start"":1202445,""end"":1226445}]"
pos_1533070_24000,CHID_8,CHID,NC_000913.3,1545070,1533070,1557070,group_0014,test,"[{""start"":1533070,""end"":1557070}]"
pos_1576450_24000,CHID_9,CHID,NC_000913.3,1588450,1576450,1600450,group_0014,test,"[{""start"":1576450,""end"":1600450}]"
pos_1763015_24000,CHID_10,CHID,NC_000913.3,1775015,1763015,1787015,group_0016,train,"[{""start"":1763015,""end"":1787015}]"
pos_2094130_24000,CHID_11,CHID,NC_000913.3,2106130,2094130,2118130,group_0018,val,"[{""start"":2094130,""end"":2118130}]"
pos_2177805_24000,CHID_12,CHID,NC_000913.3,2189805,2177805,2201805,group_0019,train,"[{""start"":2177805,""end"":2201805}]"
pos_2373805_24000,CHID_13,CHID,NC_000913.3,2385805,2373805,2397805,group_0020,val,"[{""start"":2373805,""end"":2397805}]"
pos_2474470_24000,CHID_14,CHID,NC_000913.3,2486470,2474470,2498470,group_0021,train,"[{""start"":2474470,""end"":2498470}]"
pos_2747355_24000,CHID_15,CHID,NC_000913.3,2759355,2747355,2771355,group_0050,train,"[{""start"":2747355,""end"":2771355}]"
pos_2772710_24000,CHID_16,CHID,NC_000913.3,2784710,2772710,2796710,group_0050,train,"[{""start"":2772710,""end"":2796710}]"
pos_2980425_24000,CHID_17,CHID,NC_000913.3,2992425,2980425,3004425,group_0026,train,"[{""start"":2980425,""end"":3004425}]"
pos_3176275_24000,CHID_18,CHID,NC_000913.3,3188275,3176275,3200275,group_0051,train,"[{""start"":3176275,""end"":3200275}]"
pos_3621605_24000,CHID_19,CHID,NC_000913.3,3633605,3621605,3645605,group_0032,train,"[{""start"":3621605,""end"":3645605}]"
pos_3642840_24000,CHID_20,CHID,NC_000913.3,3654840,3642840,3666840,group_0032,train,"[{""start"":3642840,""end"":3666840}]"
pos_3755825_24000,CHID_21,CHID,NC_000913.3,3767825,3755825,3779825,group_0033,train,"[{""start"":3755825,""end"":3779825}]"
pos_3790635_24000,CHID_22,CHID,NC_000913.3,3802635,3790635,3814635,group_0033,train,"[{""start"":3790635,""end"":3814635}]"
pos_4051250_24000,CHID_23,CHID,NC_000913.3,4063250,4051250,4075250,group_0055,test,"[{""start"":4051250,""end"":4075250}]"
pos_4493535_24000,CHID_24,CHID,NC_000913.3,4505535,4493535,4517535,group_0040,train,"[{""start"":4493535,""end"":4517535}]"
pos_4528195_24000,CHID_25,CHID,NC_000913.3,4540195,4528195,4552195,group_0040,train,"[{""start"":4528195,""end"":4552195}]"
pos_4567115_24000,CHID_26,CHID,NC_000913.3,4579115,4567115,4591115,group_0040,train,"[{""start"":4567115,""end"":4591115}]"
pos_2828100_24000,,background,NC_000913.3,2840100,2828100,2852100,background_0001,train,"[{""start"":2828100,""end"":2852100}]"
pos_0453076_24000,,background,NC_000913.3,465076,453076,477076,group_0041,train,"[{""start"":453076,""end"":477076}]"
pos_0019831_24000,,background,NC_000913.3,31831,19831,43831,group_0001,test,"[{""start"":19831,""end"":43831}]"
pos_4181704_24000,,background,NC_000913.3,4193704,4181704,4205704,group_0056,train,"[{""start"":4181704,""end"":4205704}]"
pos_1925614_24000,,background,NC_000913.3,1937614,1925614,1949614,background_0005,train,"[{""start"":1925614,""end"":1949614}]"
pos_2714810_24000,,background,NC_000913.3,2726810,2714810,2738810,group_0024,val,"[{""start"":2714810,""end"":2738810}]"
pos_3943398_24000,,background,NC_000913.3,3955398,3943398,3967398,background_0007,train,"[{""start"":3943398,""end"":3967398}]"
pos_0839023_24000,,background,NC_000913.3,851023,839023,863023,group_0044,train,"[{""start"":839023,""end"":863023}]"
pos_0023008_24000,,background,NC_000913.3,35008,23008,47008,group_0001,test,"[{""start"":23008,""end"":47008}]"
pos_4130374_24000,,background,NC_000913.3,4142374,4130374,4154374,background_0010,train,"[{""start"":4130374,""end"":4154374}]"
pos_0841213_24000,,background,NC_000913.3,853213,841213,865213,group_0044,train,"[{""start"":841213,""end"":865213}]"
pos_0365780_24000,,background,NC_000913.3,377780,365780,389780,background_0012,train,"[{""start"":365780,""end"":389780}]"
pos_3695101_24000,,background,NC_000913.3,3707101,3695101,3719101,group_0033,train,"[{""start"":3695101,""end"":3719101}]"
pos_3481637_24000,,background,NC_000913.3,3493637,3481637,3505637,background_0014,train,"[{""start"":3481637,""end"":3505637}]"
pos_0402246_24000,,background,NC_000913.3,414246,402246,426246,group_0006,train,"[{""start"":402246,""end"":426246}]"
pos_2603106_24000,,background,NC_000913.3,2615106,2603106,2627106,group_0023,train,"[{""start"":2603106,""end"":2627106}]"
pos_4449857_24000,,background,NC_000913.3,4461857,4449857,4473857,group_0040,train,"[{""start"":4449857,""end"":4473857}]"
pos_3082872_24000,,background,NC_000913.3,3094872,3082872,3106872,group_0027,train,"[{""start"":3082872,""end"":3106872}]"
pos_4172469_24000,,background,NC_000913.3,4184469,4172469,4196469,group_0056,train,"[{""start"":4172469,""end"":4196469}]"
pos_2569962_24000,,background,NC_000913.3,2581962,2569962,2593962,group_0022,train,"[{""start"":2569962,""end"":2593962}]"
pos_1979100_24000,,background,NC_000913.3,1991100,1979100,2003100,group_0048,test,"[{""start"":1979100,""end"":2003100}]"
pos_1437508_24000,,background,NC_000913.3,1449508,1437508,1461508,background_0022,val,"[{""start"":1437508,""end"":1461508}]"
pos_1900471_24000,,background,NC_000913.3,1912471,1900471,1924471,background_0023,val,"[{""start"":1900471,""end"":1924471}]"
pos_2715838_24000,,background,NC_000913.3,2727838,2715838,2739838,group_0024,val,"[{""start"":2715838,""end"":2739838}]"
